ID,Name,Alias,Class,Rarity,Drain,Max Servant lvl.,ATK lvl. 1,HP lvl. 1,ATK lvl. at MAX Servant level,HP lvl. at MAX Servant level,ATK lvl. 90,HP lvl. 90,ATK lvl. 100,HP lvl. 100,ATK NP gain,DEF NP gain,Star Weight,Star Rate,Death Rate,Buster Card Hits,Arts Card Hits,Quick Card Hits,Extra Attack Hits,Noble Phantasm Hits,Attribute,Traits,Illustrator,Voice Actor,Height,Weight,Alignment,Series,Gender,Origin,Region
174,Paul_Bunyan,Learning with Manga! Berserker,Berserker,1-Star,3,60,1099,1239,6044,6196,8556,8714,9391,9551,0.0067,0.05,9,0.049,0.65,3,3,3,4,2,Earth,Female-Servant-Humanoid-Weak to Enuma Elish-Sky or Earth Servant,Riyo,Omigawa Chiaki,Indefinite ,0,True Neutral,Fate/Grand Order,Female,Folklore,USA Canada
39,Sasaki_Kojirou,Legend of the Samurai,Assassin,1-Star,3,60,1042,1244,5735,6220,8119,8747,8912,9588,0.0105,0.04,102,0.253,0.55,1,2,2,4,3,Man,Male-Servant-Humanoid-Weak to Enuma Elish,Mata,Miki Shinichiro,176 cm , 63 kg,Neutral Evil,Fate/Stay Night,Male,Historical Fact,Japan
259,Charlotte_Corday,Marie-Anne Charlotte de Corday d'Armont,Assassin,1-Star,3,60,997,1245,5488,6220,7769,8747,8528,9588,0.0052,0.04,100,0.247,0.55,1,3,3,5,1,Man,Female-Servant-Humanoid-Weak to Enuma Elish,Aotsuki Takao,Horie Yui,166 cm , 43 kg,Neutral Good,Fate/Grand Order,Female,Historical Fact,France
260,Salome,Shalom (Peace),Berserker,2-Star,4,65,1221,1296,6884,6885,9092,9064,9975,9936,0.0051,0.05,9,0.05,0.585,3,3,4,4,3,Earth,Female-Servant-Humanoid-Weak to Enuma Elish-Sky or Earth Servant,Simosi,Bridcutt Sarah Emi,159 cm , 47 kg,Chaotic Evil,Fate/Grand Order,Female,New Testament Jewish Antiquities Salome etc.,Israel
45,Mata_Hari,Margaretha Geertruida Zelle,Assassin,1-Star,3,60,977,1313,5377,6565,7612,9233,8355,10120,0.021,0.04,98,0.246,0.55,1,1,2,3,1,Man,Female-Servant-Humanoid-Weak to Enuma Elish,Koyama Hirokazu,Taneda Risa,165 cm , 49 kg,Chaotic Neutral,Fate/Grand Order,Female,Historical Fact,France ~ Germany
53,Asterios,Minotaur,Berserker,1-Star,3,60,1097,1320,6037,6604,8546,9288,9381,10181,0.0068,0.05,9,0.049,0.585,1,3,2,3,1,Earth,Male-Servant-Humanoid-Weak to Enuma Elish-Sky or Earth Servant-Men of Greek Mythology,Shima Drill,Toriumi Kousuke,298 cm , 150 kg,Chaotic Evil,Fate/Grand Order,Male,Greek Mythology,Greece
42,Jing_Ke,Keika,Assassin,3-Star,7,70,1492,1338,7207,8293,8903,10258,9754,11244,0.0105,0.04,98,0.252,0.55,1,2,2,3,1,Man,Female-Servant-Humanoid-Weak to Enuma Elish,Takahashi Keitarou,Tanaka Atsuko,159 cm , 48 kg,Chaotic Good,Fate/Grand Order,Female,Historical Fact,China
257,Bartholomew_Roberts,John Roberts-Black Bart (Barti Ddu),Rider,1-Star,3,60,993,1344,5461,6720,7730,9451,8485,10359,0.0065,0.03,200,0.089,0.45,2,2,3,4,6,Man,Male-Servant-Humanoid-Weak to Enuma Elish-Riding-Brynhild's Beloved,Mata,Kobayashi Chiaki,188 cm , 79 kg,Chaotic Evil,Fate/Grand Order,Male,Historical Fact,Caribbean
28,Alexander,Alexander the Great,Rider,3-Star,7,70,1555,1366,7356,8640,9087,10687,9955,11714,0.0086,0.03,205,0.09,0.4,1,2,2,3,1,Man,Male-Servant-Humanoid-Divine-Weak to Enuma Elish-Riding-King-Men of Greek Mythology,BUNBUN,Sakamoto Maaya,151 cm , 40 kg,Neutral Good,Fate/Grand Order,Male,Historical Fact,Europe
54,Caligula,Gaius Julius Caesar Augustus Germanicus,Berserker,2-Star,4,65,1211,1374,6831,7303,9022,9615,9899,10540,0.0068,0.05,9,0.05,0.568,1,3,2,3,1,Man,Male-Servant-Humanoid-Weak to Enuma Elish-Roman-King,BLACK,Tsuruoka Satoshi,185 cm , 80 kg,Chaotic Evil,Fate/Grand Order,Male,Historical Fact,Europe
204,Antonio_Salieri,Imperial Kapellmeister,Avenger,3-Star,7,70,1509,1411,8125,7840,10037,9697,10996,10630,0.007,0.05,30,0.061,0.08,3,2,3,5,3,Earth,Male-Servant-Humanoid-Weak to Enuma Elish-Brynhild's Beloved-Sky or Earth Servant,PFALZ,Seki Toshihiko,181 cm , 65 kg,Chaotic Evil,Fate/Grand Order,Male,The Man in Grey Mozart Assassination Folklore etc.,Europe
16,Arash,Arash the Archer,Archer,1-Star,3,60,1057,1424,5816,7122,8233,10016,9037,10979,0.0084,0.03,147,0.08,0.45,1,2,3,3,1,Earth,Male-Servant-Humanoid-Weak to Enuma Elish-Brynhild's Beloved-Sky or Earth Servant,BLACK,Tsuruoka Satoshi,185 cm , 75 kg,Chaotic Neutral,Fate/Hollow Fragments,Male,Persian Mythology,West Asia
36,Wolfgang_Amadeus_Mozart,Johannes Chrysostomus Wolfgangus,Caster,1-Star,3,60,944,1425,5195,7129,7354,10026,8072,10990,0.016,0.03,49,0.11,0.405,1,1,2,3,1,Star,Male-Servant-Humanoid-Not Weak to Enuma Elish-Brynhild's Beloved,PFALZ,Seki Tomokazu,180 cm , 65 kg,Neutral Good,Fate/Grand Order,Male,Historical Fact,Europe
40,Hassan_of_the_Cursed_Arm,Hassan-i Sabbah,Assassin,2-Star,4,65,1114,1429,6280,7594,8294,9998,9100,10960,0.0107,0.04,97,0.252,0.44,1,2,3,3,1,Man,Male-Servant-Humanoid-Weak to Enuma Elish,Task Ohna,Inada Tetsu,215 cm , 62 kg,Lawful Evil,Fate/Stay Night,Male,Middle East Old Man of the Mountain,Middle East
251,Mori_Nagayoshi,Demon Musashi,Berserker,3-Star,7,70,1436,1443,7732,8019,9551,9919,10464,10872,0.005,0.05,9,0.049,0.65,2,3,3,5,5,Man,Servant-Humanoid-Weak to Enuma Elish,Dd,Taniyama Kishou,194 cm , 93 kg,Chaotic Mad,Fate/KOHA-ACE,Male,Historical Fact,Japan
57,Eric_Bloodaxe,Eric Haraldsson,Berserker,2-Star,4,65,1166,1444,6290,7688,8307,10121,9115,11095,0.0102,0.05,9,0.049,0.585,1,2,2,3,5,Man,Male-Servant-Humanoid-Weak to Enuma Elish-King,Aotsuki Takao,Yasui Kunihiko,195 cm , 115 kg,Chaotic Neutral,Fate/Grand Order,Male,Fagrskinna,Norway  England
258,Chen_Gong,Gongtai,Caster,2-Star,4,65,1085,1459,6119,7755,8082,10210,8867,11192,0.004,0.03,49,0.11,0.42,1,4,3,4,4,Man,Male-Servant-Humanoid-Weak to Enuma Elish,Wada Arco,Madono Mitsuaki,182 cm , 60 kg,Chaotic Good,Fate/Extella,Male,Historical Fact Romance of the Three Kingdoms,China
255,Paris,Alexanderos,Archer,2-Star,4,65,1157,1474,6523,7834,8615,10314,9452,11306,0.0043,0.03,153,0.08,0.303,3,4,3,4,5,Earth,Male-Servant-Humanoid-Weak to Enuma Elish-Brynhild's Beloved-Sky or Earth Servant-Men of Greek Mythology-Related to the Argo,Rin Kususaga,Terasaki Yuka,145 cm , 38 kg,True Neutral,Fate/Grand Order,Male,Trojan War,Greece
25,Edward_Teach,Blackbeard,Rider,2-Star,4,65,1097,1488,6188,7907,8173,10410,8967,11411,0.0056,0.03,198,0.088,0.45,1,3,2,3,5,Man,Male-Servant-Humanoid-Weak to Enuma Elish,Bsuke,Saizen Tadahisa,210 cm , 114 kg,Chaotic Evil,Fate/Grand Order,Male,Historical Fact,Caribbean Sea
49,Lu_Bu_Fengxian,Ryofu Housen,Berserker,3-Star,7,70,1507,1494,8119,8302,10029,10269,10988,11256,0.0104,0.05,9,0.05,0.503,1,2,2,3,1,Man,Male-Servant-Humanoid-Weak to Enuma Elish,Wada Arco,Yasui Kunihiko,225 cm , 153 kg,Chaotic Evil,Fate/EXTRA,Male,Historical Fact,China
21,Leonidas_I,Leonidas,Lancer,2-Star,4,65,1168,1498,6583,7959,8694,10478,9539,11486,0.0107,0.04,89,0.118,0.32,1,2,2,3,1,Man,Male-Servant-Humanoid-Weak to Enuma Elish-King,Shima Udon,Miki Shinichiro,188 cm , 110 kg,Lawful Neutral,Fate/Grand Order,Male,Historical Fact (Battle of Thermopylae),Sparta
107,Aŋra_Mainiiu,Angra Mainyu-All World's Evil-Angry Mango,Avenger,2-Star,4,65,1008,1502,5683,7981,7506,10507,8235,11518,0.0079,0.05,29,0.06,0.09,1,2,3,4,0,Man,Male-Servant-Humanoid-Weak to Enuma Elish,Nekotawawa,Terashima Takuma,167 cm , 58 kg,Chaotic Evil,Fate/Hollow Ataraxia,Male,Zoroastrianism,Ancient Persia
254,Jason,Leader of the Argonauts,Saber,1-Star,3,60,992,1515,5457,7575,7725,10653,8479,11677,0.0037,0.03,102,0.1,0.315,1,4,3,4,5,Earth,Male-Servant-Humanoid-Weak to Enuma Elish-Riding-Brynhild's Beloved-Sky or Earth Servant-Men of Greek Mythology-Related to the Argo,BLACK,Hoshi Souichirou,181 cm , 76 kg,Lawful Good,Fate/Grand Order,Male,Greek Mythology,Greece
34,William_Shakespeare,Shakespeare,Caster,2-Star,4,65,1028,1520,5798,8080,7658,10638,8402,11661,0.0159,0.03,50,0.108,0.45,1,1,2,3,4,Man,Male-Servant-Humanoid-Weak to Enuma Elish,Konoe Ototsugu,Inada Tetsu,180 cm , 75 kg,True Neutral,Fate/Apocrypha,Male,Historical Fact,England
50,Spartacus,Thracian Gladiator,Berserker,1-Star,3,60,922,1544,5073,7722,7181,10860,7883,11904,0.0101,0.05,9,0.049,0.65,1,2,2,3,1,Man,Male-Servant-Humanoid-Weak to Enuma Elish-Roman,Konoe Ototsugu,Tsuruoka Satoshi,221 cm , 165 kg,True Neutral,Fate/Apocrypha,Male,Historical Fact,Rome
31,Medea,Witch of Colchis,Caster,3-Star,7,70,1377,1555,7418,8643,9163,10691,10039,11719,0.0164,0.03,50,0.109,0.345,1,1,2,3,1,Earth,Female-Servant-Humanoid-Weak to Enuma Elish-Sky or Earth Servant-Related to the Argo,Nekotawawa,Tanaka Atsuko,163 cm , 51 kg,Neutral Evil,Fate/Stay Night,Female,Greek Mythology,Greece Corinth
63,David,King David,Archer,3-Star,7,70,1436,1555,7736,8643,9556,10691,10470,11719,0.0076,0.03,153,0.08,0.36,1,2,2,3,1,Sky,Male-Servant-Humanoid-Weak to Enuma Elish-Sky or Earth Servant-King,Ginka,Nakamura Yuuichi,171 cm , 62 kg,Lawful Neutral,Fate/Apocrypha,Male,Old Testament,Israel
43,Charles-Henri_Sanson,The Executioner,Assassin,2-Star,4,65,968,1564,5456,8306,7206,10939,7906,11991,0.0106,0.04,102,0.248,0.495,1,2,2,3,1,Man,Male-Servant-Humanoid-Weak to Enuma Elish,Shima Drill,Miyano Mamoru,178 cm , 68 kg,Lawful Evil,Fate/Grand Order,Male,Historical Fact,France
95,Gilgamesh_(Child),Ko-Gil,Archer,3-Star,7,70,1429,1571,7696,8731,9507,10800,10415,11838,0.0062,0.03,153,0.079,0.36,3,3,3,3,10,Sky,Male-Servant-Humanoid-Divine-Weak to Enuma Elish-Sky or Earth Servant-King,Tenkuu Sphere,Endou Aya,140 cm , 30 kg,Chaotic Good,Fate/Hollow Ataraxia,Male,Historical Fact Epic of Gilgamesh,West Asia
55,Darius_III,Artashata,Berserker,3-Star,7,70,1412,1577,7608,8763,9398,10839,10297,11881,0.0067,0.05,9,0.05,0.65,1,3,2,3,10,Man,Male-Servant-Humanoid-Weak to Enuma Elish-King,PFALZ,Yasui Kunihiko,345 cm , 280 kg,Lawful Neutral,Fate/Grand Order,Male,Historical Fact,West Asia
44,Phantom_of_the_Opera,Le Fantome de l'Opera,Assassin,2-Star,4,65,1003,1580,5654,8393,7467,11050,8193,12112,0.0071,0.04,98,0.252,0.495,2,3,2,3,1,Earth,Male-Servant-Humanoid-Weak to Enuma Elish-Sky or Earth Servant,Shima Udon,Okiayu Ryotaro,185 cm , 80 kg,Chaotic Evil,Fate/Grand Order,Male,Phantom of the Opera,Europe
219,Summer_Jeanne_d'Arc_(Alter)_(Berserker),Joan of Arc-La Pucelle d'Orleans,Berserker,4-Star,12,80,1716,1587,10298,9922,11379,10972,12469,12030,0.0052,0.05,9,0.05,0.455,3,4,4,5,5,Man,Female-Servant-Humanoid-Weak to Enuma Elish-Altria Face,Takeuchi Takashi,Sakamoto Maaya,159 cm , 44 kg,Chaotic Summer,Fate/Grand Order,Female,Historical Fact,France
158,Avenger_of_Shinjuku,Hessian Lobo,Avenger,4-Star,12,80,1771,1591,10628,9949,11743,11002,12868,12063,0.0079,0.05,29,0.06,0.1,2,2,3,5,8,Earth,Male-Servant-Humanoid-Wild Beast-Weak to Enuma Elish-Sky or Earth Servant,Simosi,Takeuchi Ryouta,181 cm , 99 kg (Neck not included),Chaotic Evil,Fate/Grand Order,Male Beast ・ Male Human,Folklore Historical Fact Novel,America
117,Fuuma_“Evil-wind”_Kotarou,Kazama,Assassin,3-Star,7,70,1316,1592,7091,8844,8759,10939,9597,11991,0.0054,0.04,100,0.256,0.385,1,4,4,4,5,Man,Male-Servant-Humanoid-Weak to Enuma Elish,Sasaki Shounen,Hanae Natsuki,158 cm , 49 kg,Neutral Evil,Fate/Grand Order,Male,Historical Fact,Japan
210,Okada_Izou,Hitokiri,Assassin,3-Star,7,70,1277,1592,6879,8844,8497,10939,9310,11991,0.0079,0.04,97,0.25,0.55,1,2,4,5,4,Man,Male-Servant-Humanoid-Weak to Enuma Elish,lack,Yoshino Hiroyuki,174 cm , 65 kg,Neutral Evil,Fate/KOHA-ACE,Male,Historical Fact,Japan
33,Hans_Christian_Andersen,H.C. Andersen,Caster,2-Star,4,65,1021,1597,5758,8484,7605,11169,8344,12244,0.0166,0.03,48,0.108,0.3,1,1,2,3,1,Man,Male-Servant-Humanoid-Weak to Enuma Elish,Wada Arco,Koyasu Takehito,146 cm , 39 kg,Lawful Neutral,Fate/EXTRA CCC,Male,Historical Fact,Denmark
178,Summer_Oda_Nobunaga_(Berserker),Race Team ｢Feared Demon King of the Sixth Heaven X｣,Berserker,4-Star,12,80,1691,1603,10146,10023,11211,11083,12285,12153,0.0093,0.05,10,0.05,0.52,6,2,3,5,12,Man,Female-Servant-Humanoid-Weak to Enuma Elish-King,pako,Kugimiya Rie,152 cm , 44 kg,Chaotic Summer,Fate/Grand Order,Female,Historical Fact,Japan
23,Medusa,Youngest Gorgon Sister,Rider,3-Star,7,70,1337,1608,7200,8937,8894,11055,9744,12117,0.0058,0.03,194,0.09,0.35,1,3,2,3,1,Earth,Female-Servant-Humanoid-Divine-Weak to Enuma Elish-Riding-Sky or Earth Servant,Takeuchi Takashi,Asakawa Yuu,172 cm , 57 kg,Chaotic Good,Fate/Stay Night,Female,Greek Mythology,Greece
27,Ushiwakamaru,Minamoto no Yoshitsune-Shanaou,Rider,3-Star,7,70,1314,1625,7076,9028,8741,11167,9576,12240,0.0087,0.03,204,0.091,0.35,1,2,2,3,1,Man,Female-Servant-Humanoid-Weak to Enuma Elish-Riding-Brynhild's Beloved,Sakamoto Mineji,Hayami Saori,168 cm , 55 kg,Chaotic Neutral,Fate/Grand Order,Female,Yoshitsune Symbol The Tale of the Heike,Japan
171,Berserker_of_El_Dorado,Penthesilea,Berserker,4-Star,12,80,1750,1628,10502,10175,11604,11251,12716,12337,0.0107,0.05,10,0.049,0.39,2,2,3,5,8,Earth,Female-Servant-Humanoid-Divine-Weak to Enuma Elish-Sky or Earth Servant-King,Shinjirou,Shimamura Yuu,158 cm , 49 kg,Lawful Good,Fate/Grand Order,Female,Greek Mythology Trojan War,Greece
147,Gorgon,Medusa,Avenger,4-Star,12,80,1784,1631,10706,10197,11830,11276,12963,12364,0.0037,0.05,29,0.06,0.07,3,5,3,5,3,Earth,Female-Servant-Humanoid-Weak to Enuma Elish-Sky or Earth Servant,Simosi,Asakawa Yuu,172+?? cm , 57+?? kg,Chaotic Evil,Fate/Grand Order,Female,Greek Mythology,Europe
104,Geronimo,Apache Tribe Leader,Caster,3-Star,7,70,1273,1642,6857,9123,8470,11285,9280,12369,0.009,0.03,49,0.11,0.405,1,2,2,4,1,Man,Male-Servant-Humanoid-Weak to Enuma Elish-Brynhild's Beloved,Sakamoto Mineji,Egawa Hisao,174 cm , 76 kg,Neutral Good,Fate/Grand Order,Male,Historical Fact,North America
56,Kiyohime,Princess Kiyo Kiyo-yo Best Girl,Berserker,3-Star,7,70,1233,1649,6644,9166,8207,11338,8992,12428,0.0203,0.05,9,0.049,0.65,1,1,2,3,3,Earth,Female-Servant-Humanoid-Dragon-Weak to Enuma Elish-Sky or Earth Servant -Best Girl-Waifu,BLACK,Taneda Risa,158 cm , 41 kg,Chaotic Evil,Fate/Grand Order,Female,Legend of Kiyohime,Japan
47,Heracles,Hercules-Alcides,Berserker,4-Star,12,80,1775,1652,10655,10327,11773,11420,12901,12521,0.0107,0.05,10,0.05,0.39,1,2,2,3,15,Sky,Male-Servant-Humanoid-Divine-Weak to Enuma Elish-Sky or Earth Servant-Men of Greek Mythology-Related to the Argo,Azusa,Saizen Tadahisa,235 cm , 311 kg,Chaotic Mad,Fate/Stay Night,Male,Greek Mythology,Greece
48,Lancelot,Knight of the Lake,Berserker,4-Star,12,80,1746,1652,10477,10327,11577,11420,12685,12521,0.005,0.05,10,0.05,0.52,1,2,2,3,10,Earth,Male-Servant-Humanoid-Weak to Enuma Elish-Sky or Earth Servant,Koyama Hirokazu,Okiayu Ryotaro,191 cm , 81 kg,Lawful Mad,Fate/Zero,Male,Legend of King Arthur,Britain
89,Beowulf,The Berserker,Berserker,4-Star,12,80,1707,1652,10247,10327,11323,11420,12407,12521,0.0068,0.05,10,0.049,0.585,1,3,3,4,12,Earth,Male-Servant-Humanoid-Weak to Enuma Elish-Brynhild's Beloved-Sky or Earth Servant-King,Simosi,Nakai Kazuya,186 cm , 81 kg,Chaotic Good,Fate/Grand Order,Male,Beowulf,Northern Europe
267,Okita_J_Souji,Okita Jet,Assassin,4-Star,12,80,1556,1658,9337,10366,10317,11463,11305,12569,0.0092,0.04,99,0.253,0.495,1,3,5,5,3,Man,Female-Servant-Humanoid-Weak to Enuma Elish-Altria Face,Takeuchi Takashi,Yuuki Aoi,158 cm , 45 kg,Neutral Summer,KOHA-ACE EX,Female,Historical Fact,Japan
35,Mephistopheles,Mephisto,Caster,3-Star,7,70,1270,1659,6839,9216,8448,11399,9255,12495,0.0081,0.03,50,0.11,0.36,1,2,2,3,1,Earth,Male-Servant-Humanoid-Weak to Enuma Elish-Sky or Earth Servant,Simosi,Koyasu Takehito,188 cm , 78 kg,Chaotic Evil,Fate/Grand Order,Male,Faust,Germany
46,Carmilla,Elisabeth Bathory,Assassin,4-Star,12,80,1568,1675,9408,10473,10395,11581,11391,12698,0.0215,0.04,98,0.252,0.44,1,1,2,3,1,Earth,Female-Servant-Humanoid-Weak to Enuma Elish-Sky or Earth Servant,okojo,Tanaka Atsuko,168 cm , 49 kg,Chaotic Evil,Fate/Grand Order,Female,Historical Fact,Hungary
110,Hassan_of_the_Hundred_Persona,Asako-Zayd-Makul-Gozul,Assassin,3-Star,7,70,1241,1675,6686,9310,8259,11516,9049,12623,0.0038,0.04,97,0.255,0.44,1,3,3,6,13,Man,Female-Servant-Humanoid-Weak to Enuma Elish,Task Ohna,Abe Akina,100,100,Lawful Evil,Fate/Zero,FemaleVaries among each individual's form,Middle East Old Man of the Mountain,Middle East
124,Hassan_of_the_Serenity,Visha Kanya-Poison Girl,Assassin,3-Star,7,70,1232,1675,6636,9310,8197,11516,8981,12623,0.0053,0.04,102,0.256,0.44,4,3,3,5,1,Man,Female-Servant-Humanoid-Weak to Enuma Elish,Nakahara,Senbongi Sayaka,161 cm , 42 kg,Lawful Evil,Fate/Prototype: Fragments of Blue and Silver,Female,Historical Fact,Middle East
246,William_Tell,Wilhelm Tell,Archer,3-Star,7,70,1371,1675,7384,9310,9121,11516,9993,12623,0.0066,0.03,148,0.08,0.45,3,3,3,5,3,Man,Male-Servant-Humanoid-Weak to Enuma Elish-Brynhild's Beloved,Takahashi Keitarou,Fujii Hayato,175 cm , 69 kg,Lawful Good,Fate/Grand Order,Male,William Tell,Switzerland
263,Summer_Carmilla,Elisabeth Bathory-Mistress C the Phantom Thief,Rider,4-Star,12,80,1608,1676,9651,10476,10664,11584,11685,12702,0.0052,0.03,200,0.091,0.45,3,4,4,4,4,Earth,Female-Servant-Humanoid-Weak to Enuma Elish-Sky or Earth Servant,okojo,Tanaka Atsuko,168 cm , 49 kg,Neutral Evil,Fate/Grand Order,Female,Historical Fact,Hungary
218,Summer_Ushiwakamaru_(Assasin),Minamoto no Yoshitsune-Shanaou,Assassin,4-Star,12,80,1576,1692,9456,10580,10448,11699,11449,12828,0.0054,0.04,102,0.253,0.385,3,4,4,6,5,Man,Female-Servant-Humanoid-Weak to Enuma Elish-Riding-Brynhild's Beloved,Sakamoto Mineji,Hayami Saori,168 cm , 55 kg,Neutral Summer,Fate/Grand Order,Female,Yoshitsune Symbol The Tale of the Heike,Japan
243,Gray,Descendant of King Arthur,Assassin,4-Star,12,80,1576,1692,9456,10580,10448,11699,11449,12828,0.0071,0.04,99,0.25,0.44,2,3,3,5,4,Man,Female-Servant-Humanoid-Weak to Enuma Elish-Altria Face,Sakamoto Mineji,Ueda Reina & Ono Daisuke,154 cm , 42 kg,Lawful Good,Lord El-Melloi II Case Files,Female,Lord El-Melloi II Case Files,Britain
4,Altria_Pendragon_(Lily),King Arthur-King of Knights,Saber,4-Star,12,80,1287,1699,7726,10623,8537,11747,9355,12880,0.0086,0.03,102,0.1,0.21,1,2,2,3,8,Earth,Female-Servant-Humanoid-Dragon-Weak to Enuma Elish-Riding-Altria Face-Arthur-Sky or Earth Servant-King,Takeuchi Takashi,Kawasumi Ayako,154 cm , 42 kg,Lawful Good,Fate/Unlimited Codes,Female,Legend of King Arthur,Britain
202,Atalante_(Alter),Atalante Metamorphosis,Berserker,4-Star,12,80,1634,1701,9806,10634,10835,11759,11873,12894,0.0105,0.05,9,0.051,0.455,3,2,3,5,5,Earth,Female-Servant-Humanoid-Wild Beast-Weak to Enuma Elish-Sky or Earth Servant-Related to the Argo,Konoe Ototsugu,Hayami Saori,166 cm , 57 kg,Chaotic Evil,Fate/Apocrypha,Female,Greek Mythology,Greece
82,Frankenstein,Frankenstein's Monster,Berserker,4-Star,12,80,1573,1710,9441,10687,10432,11818,11431,12958,0.0083,0.05,10,0.049,0.585,1,2,2,3,6,Earth,Female-Servant-Humanoid-Weak to Enuma Elish-Sky or Earth Servant,Okazaki Takeshi,Nonaka Ai,172 cm , 48 kg,Chaotic Neutral,Fate/Apocrypha,Female,Literary Work,All of Europe
182,Summer_Ishtar_(Rider),Rin Tohsaka-Goddess of Love and War,Rider,4-Star,12,80,1600,1710,9603,10692,10611,11823,11627,12964,0.0068,0.03,200,0.09,0.35,5,3,2,3,4,Sky,Female-Servant-Humanoid-Divine-Weak to Enuma Elish-Riding-Sky or Earth Servant-Pseudo-Servant,Morii Shizuki,Ueda Kana,159 cm , 47 kg,Lawful Good,Fate/Grand Order,Female,Ancient Mesopotamian Mythology,Mesopotamia
15,Euryale,Second Gorgon Sister,Archer,3-Star,7,70,1306,1711,7032,9506,8686,11758,9517,12889,0.009,0.03,156,0.079,0.225,1,2,3,3,1,Sky,Female-Servant-Humanoid-Divine-Weak to Enuma Elish-Sky or Earth Servant,AKIRA,Asakawa Yuu,134 cm , 30 kg,Chaotic Good,Fate/Hollow Ataraxia,Female,Greek Mythology,Greece
32,Gilles_de_Rais,Bluebeard,Caster,3-Star,7,70,1209,1711,6514,9506,8047,11758,8816,12889,0.0158,0.03,48,0.108,0.48,1,1,2,3,3,Man,Male-Servant-Humanoid-Weak to Enuma Elish,Azusa,Tsuruoka Satoshi,196 cm , 70 kg,Chaotic Evil,Fate/Zero,Male,Historical Fact,France
79,Paracelsus_von_Hohenheim,Philippus Aureolus,Caster,3-Star,7,70,1246,1711,6711,9506,8290,11758,9082,12889,0.0055,0.03,50,0.108,0.36,1,2,2,3,3,Man,Male-Servant-Humanoid-Weak to Enuma Elish-Brynhild's Beloved,Nakahara,Miki Shinichiro,183 cm , 65 kg,Chaotic Good,Fate/Prototype: Fragments of Blue and Silver,Male,Historical Fact,Europe
105,Billy_the_Kid,Henry McCarty-William H. Bonney,Archer,3-Star,7,70,1279,1711,6890,9506,8511,11758,9325,12889,0.0056,0.03,150,0.08,0.45,4,3,2,4,3,Man,Male-Servant-Humanoid-Weak to Enuma Elish-Riding,Shima Udon,Takano Urara,158 cm , 49 kg,Chaotic Neutral,Fate/Grand Order,Male,Historical Fact,North America
19,Musashibou_Benkei,Hitachibou Kaison,Lancer,2-Star,4,65,1029,1722,5801,9149,7662,12045,8406,13204,0.0079,0.04,89,0.119,0.36,1,2,2,3,1,Man,Male-Servant-Humanoid-Weak to Enuma Elish-Brynhild's Beloved,Shinjirou,Inada Tetsu,199 cm , 88 kg,Chaotic Good,Fate/Apocrypha,Male,Yoshitsune Symbol The Tale of the Heike,Japan
106,Jeanne_d'Arc_(Alter),Joan of Arc-Dragon Witch,Avenger,5-star,16,90,2046,1724,13244,11761,13244,11761,14498,12885,0.0083,0.05,29,0.06,0.057,4,2,3,7,10,Man,Female-Servant-Humanoid-Weak to Enuma Elish-Altria Face,Takeuchi Takashi,Sakamoto Maaya,159 cm , 44 kg,Chaotic Evil,Fate/Grand Order,Female,Historical Fact,France
250,Demon_King_Nobunaga_(Oda_Nobunaga),The Demon King of a Billion Heavens,Avenger,5-star,16,90,1953,1724,12641,11761,12641,11761,13838,12885,0.0049,0.05,30,0.059,0.07,6,4,4,5,6,Earth,Servant-Humanoid-Weak to Enuma Elish-Sky or Earth Servant-King,pako,Kugimiya Rie,154 cm , 43 kg ,Chaotic Neutral,KOHA-ACE EX,???,Historical Fact,Japan
17,Cu_Chulainn,Hound of Ulster,Lancer,3-Star,7,70,1344,1726,7239,9593,8942,11866,9797,13007,0.0107,0.04,87,0.121,0.32,1,2,2,3,1,Sky,Male-Servant-Humanoid-Divine-Weak to Enuma Elish-Brynhild's Beloved-Sky or Earth Servant,Takeuchi Takashi,Canna Nobutoshi,185 cm , 72 kg,Lawful Neutral,Fate/Stay Night,Male,Celtic Mythology Ulster Cycle,Ireland
148,Jaguar_Warrior,Fujimura Taiga,Lancer,3-Star,7,70,1304,1726,7022,9593,8674,11866,9503,13007,0.0105,0.04,90,0.12,0.4,4,2,2,6,2,Earth,Female-Servant-Humanoid-Wild Beast-Weak to Enuma Elish-Sky or Earth Servant-Pseudo-Servant,Aotsuki Takao,Itou Miki,165 cm , ?? kg,Chaotic Neutral,Fate/Grand Order,Female,Mythologies from all periods of Central and South America,Central and South America
7,Gaius_Julius_Caesar,Caesar,Saber,3-Star,7,70,1392,1727,7497,9595,9261,11868,10146,13009,0.011,0.03,99,0.1,0.315,1,2,2,3,10,Man,Male-Servant-Humanoid-Divine-Weak to Enuma Elish-Riding-Roman-Brynhild's Beloved-King,Shima Drill,Okiayu Ryotaro,168 cm , 154 kg,True Neutral,Fate/Grand Order,Male,Historical Fact,Rome
126,Bedivere,Knight of Airgetlam,Saber,3-Star,7,70,1416,1727,7627,9595,9421,11868,10322,13009,0.0111,0.03,100,0.102,0.28,1,2,2,5,2,Star,Male-Servant-Humanoid-Weak to Enuma Elish-Brynhild's Beloved,Tenkuu Sphere,Miyano Mamoru,187 cm , 88 kg,Lawful Good,Fate/Grand Order,Male,Legend of King Arthur,Britain
38,Cu_Chulainn,Hound of Ulster,Caster,3-Star,7,70,1222,1728,6580,9604,8128,11880,8905,13022,0.016,0.03,49,0.109,0.42,1,1,2,3,1,Sky,Male-Servant-Humanoid-Divine-Weak to Enuma Elish-Brynhild's Beloved-Sky or Earth Servant,Mata,Canna Nobutoshi,185 cm , 70 kg,Lawful Neutral,Fate/Grand Order,Male,Celtic Mythology,Europe
115,Sakata_Kintoki,Kintarou-Golden Rider,Rider,4-Star,12,80,1636,1728,9819,10800,10850,11943,11889,13095,0.0115,0.03,198,0.09,0.4,1,2,4,5,4,Man,Male-Servant-Humanoid-Divine-Weak to Enuma Elish-Brynhild's Beloved-Sky or Earth Servant,Honjou Raita,Yusa Kouji,190 cm , 88 kg,Lawful Good,Fate/Grand Order,Male,Historical Fact Ancient Musical Play,Japan
172,Rider_of_the_Resistance,Christopher Columbus,Rider,3-Star,7,70,1216,1728,6552,9600,8094,11875,8867,13016,0.0055,0.03,208,0.089,0.5,4,3,3,5,4,Man,Male-Servant-Humanoid-Weak to Enuma Elish,Moto Murabito,Ohtsuka Houchu,180 cm , 84 kg,Neutral Evil,Fate/Grand Order,Male,Historical Fact,Spain
184,Archer_Inferno,Tomoe Gozen,Archer,4-Star,12,80,1657,1728,9946,10804,10990,11947,12043,13100,0.0087,0.03,153,0.079,0.315,2,2,3,5,1,Earth,Female-Servant-Humanoid-Weak to Enuma Elish-Demonic-Sky or Earth Servant,Shirabi,Kanemoto Hisako,162 cm , 50 kg,True Neutral,Fate/Grand Order,Female,Historical Fact,Japan
273,Mandricardo,True Successor of the Durandal,Rider,3-Star,7,70,1254,1728,6756,9600,8346,11875,9143,13016,0.0086,0.03,200,0.09,0.4,1,2,3,4,4,Man,Male-Servant-Humanoid-Weak to Enuma Elish-Riding-Brynhild's Beloved-King,Ginka,Masuda Toshiki,171 cm , 68 kg,True Neutral,Fate/Grand Order,Male,Legend of Charlemagne,Western Europe
24,Georgios,Saint George,Rider,2-Star,4,65,929,1734,5236,9200,6915,12112,7587,13278,0.0085,0.03,205,0.089,0.45,1,2,2,3,4,Man,Male-Servant-Humanoid-Weak to Enuma Elish-Riding-Brynhild's Beloved,Chuuou Higashiguchi,Saizen Tadahisa,180 cm , 95 kg,Lawful Good,Fate/Apocrypha,Male,Golden Legend Legend of Saint George,Europe
81,Henry_Jekyll_&_Hyde,Dr. Jekyll,Assassin,3-Star,7,70,1173,1741,6320,9675,7807,11967,8553,13118,0.0105,0.04,99,0.256,0.55,1,2,2,3,0,Earth,Male-Servant-Humanoid-Weak to Enuma Elish-Brynhild's Beloved-Sky or Earth Servant,Nakahara,Miyano Mamoru,175 cm , 60 kg,Lawful Good (Jekyll)・ Chaotic Evil (Hyde),Fate/Prototype: Fragments of Blue and Silver,Male,Dr. Jekyll and Mr. Hyde,Europe
164,Passionlip,Alter Ego M,Alterego,4-Star,12,80,1716,1744,10299,10901,11380,12054,12470,13217,0.0077,0.04,97,0.099,0.35,1,3,4,5,12,Earth,Female-Servant-Humanoid-Divine-Weak to Enuma Elish-Sky or Earth Servant,Wada Arco,Ogura Yui,156 cm , 1t,Lawful Neutral,Fate/EXTRA CCC,Female,Fate/EXTRA CCC,SE.RA.PH
190,Mecha_Eli-chan,Blood Countess (Robot Version),Alterego,4-Star,12,80,1666,1744,9997,10901,11046,12054,12104,13217,0.009,0.04,97,0.097,0.5,2,3,4,4,8,Man,Female-Servant-Humanoid-Weak to Enuma Elish-Mecha-Threat to Humanity,Wada Arco,Ookubo Rumi,156 cm , 4t,Lawful Good,Fate/Grand Order,Female-model,Halloween Strike!,Prison Castle Csejte
191,Mecha_Eli-chan_MkII,Blood Countess (Robot Version),Alterego,4-Star,12,80,1666,1744,9997,10901,11046,12054,12104,13217,0.009,0.04,97,0.097,0.5,2,3,4,4,8,Man,Female-Servant-Humanoid-Weak to Enuma Elish-Mecha-Threat to Humanity,Wada Arco,Ookubo Rumi,156 cm , 4t,Lawful Good,Fate/Grand Order,Female-model,Halloween Strike!,Prison Castle Csejte
137,Chloe_von_Einzbern,Kuro-Black Illya,Archer,4-Star,12,80,1640,1746,9845,10914,10878,12069,11920,13233,0.0038,0.03,148,0.08,0.36,2,6,3,4,6,Sky,Female-Servant-Humanoid-Weak to Enuma Elish-Sky or Earth Servant-Pseudo-Servant,Hiroyama Hiroshi,Saito Chiwa,133 cm , 29 kg,Chaotic Good,Fate/Kaleid Liner PRISMA☆ILLYA,Female,Fate/Kaleid Liner PRISMA☆ILLYA,Japan Fuyuki City
170,Assassin_of_the_Nightless_City,Wu Zetian,Assassin,4-Star,12,80,1496,1750,8981,10942,9924,12100,10874,13267,0.0087,0.04,102,0.255,0.385,3,3,3,3,4,Man,Female-Servant-Humanoid-Weak to Enuma Elish-King,Harada Takehito,Izawa Shiori,138 cm , 35 kg,Lawful Evil,Fate/Grand Order,Female,Historical Fact,China
116,Ibaraki-Douji,Mt. Ooe Demon Gang Leader,Berserker,4-Star,12,80,1606,1752,9636,10954,10647,12113,11667,13282,0.0103,0.05,10,0.049,0.52,1,2,4,5,1,Earth,Female-Servant-Humanoid-Weak to Enuma Elish-Demonic-Sky or Earth Servant-Demon Beast-Oni,Hidari,Touyama Nao,147 cm , 50 kg,Chaotic Evil,Fate/Grand Order,Female,Otogizoushi,Japan
72,Fergus_mac_Roich,Fearghus Mac Roig,Saber,3-Star,7,70,1385,1761,7460,9786,9215,12105,10096,13268,0.0109,0.03,99,0.1,0.35,1,2,2,3,5,Earth,Male-Servant-Humanoid-Weak to Enuma Elish-Riding-Brynhild's Beloved-Sky or Earth Servant-King,Bsuke,Kuroda Takaya,184 cm , 90 kg,Lawful Neutral,Fate/Grand Order,Male,Celtic Mythology Knights of the Red Branch,Ireland
125,Tawara_Touta,Tawara Touda-Fujiwara no Hidesato,Archer,3-Star,7,70,1306,1764,7032,9800,8686,12122,9517,13287,0.0057,0.03,150,0.078,0.36,1,3,2,5,3,Man,Male-Servant-Humanoid-Weak to Enuma Elish-Brynhild's Beloved,Simosi,Suzumura Kenichi,183 cm , 98 kg,Neutral Good,Fate/Grand Order,Male,Tale of Tawara Touta,Japan
161,Hijikata_Toshizo,Vice Captain of Shinsengumi,Berserker,5-star,16,90,1868,1764,12089,12028,12089,12028,13233,13177,0.0108,0.05,9,0.049,0.65,2,2,3,3,5,Man,Male-Servant-Humanoid-Weak to Enuma Elish,Yogo Yuuki,Hoshino Takanori,187 cm , 75 kg,Lawful Evil,Fate/Grand Order,Male,Historical Fact,Japan
162,Chacha,Lady Yodo,Berserker,4-Star,12,80,1490,1764,8945,11025,9884,12191,10831,13368,0.0103,0.05,10,0.049,0.52,5,2,3,4,8,Man,Female-Servant-Humanoid-Weak to Enuma Elish,pako,Asumi Kana,138 cm , 34 kg,Chaotic Neutral,Fate/Grand Order,Female,Historical Fact,Japan
200,Asagami_Fujino,Fujinon,Archer,4-Star,12,80,1716,1764,10299,11025,11380,12191,12470,13368,0.0059,0.03,148,0.079,0.27,3,3,3,5,3,Man,Female-Servant-Humanoid-Not Weak to Enuma Elish,Takeuchi Takashi,Noto Mamiko,157 cm , 51 kg,Lawful Evil,Kara no Kyoukai,Female,Kara no Kyoukai,Japan
225,Shuten-Douji_(Caster),Dharmapala Girl -Guardian of the Cosmic Law,Caster,4-Star,12,80,1589,1764,9538,11025,10539,12191,11549,13368,0.0046,0.03,50,0.11,0.345,2,4,4,5,13,Earth,Female-Servant-Humanoid-Dragon-Divine-Weak to Enuma Elish-Demonic-Sky or Earth Servant-Demon Beast-Oni,Honjou Raita,Yuuki Aoi,145 cm , 46 kg,Chaotic Evil,Fate/Grand Order,Female,｢Otogizoushi｣ you say?,Japan
92,Ryougi_Shiki,Shiki,Assassin,4-Star,12,80,1477,1768,8867,11055,9798,12225,10736,13404,0.008,0.04,102,0.256,0.44,1,2,4,5,3,Man,Female-Servant-Humanoid-Not Weak to Enuma Elish-Pseudo-Servant,Takeuchi Takashi,Sakamoto Maaya,160 cm , 47 kg,Chaotic Good,Kara no Kyoukai,Female,Kara no Kyoukai,Japan
188,Katou_Danzo,Tobi Katou-Karakuri Mechanical Puppet,Assassin,4-Star,12,80,1489,1768,8935,11055,9873,12225,10818,13404,0.0071,0.04,100,0.255,0.44,2,3,4,5,3,Earth,Female-Servant-Humanoid-Weak to Enuma Elish-Sky or Earth Servant,Soga Makoto,Akesaka Satomi,165 cm , 45 kg,True Neutral,Fate/Grand Order,Female,Historical Fact,Japan
271,Nightingale_(Santa),The Christmas Angel of Crimea,Archer,4-Star,12,80,1643,1772,9858,11080,10893,12252,11936,13434,0.006,0.03,153,0.08,0.393,3,3,4,5,6,Man,Female-Servant-Humanoid-Weak to Enuma Elish,Takahashi Keitarou,Sawashiro Miyuki,165 cm , 52 kg,Lawful Good,Fate/Grand Order,Female,Historical Fact,Europe
22,Romulus,Great Founder of Rome,Lancer,3-Star,7,70,1344,1779,7239,9883,8942,12225,9797,13400,0.0107,0.04,90,0.121,0.32,1,2,2,3,7,Star,Male-Servant-Humanoid-Not Weak to Enuma Elish-Roman-King,Koyama Hirokazu,Okiayu Ryotaro,190 cm , 140 kg,Chaotic Neutral,Fate/Grand Order,Male (Roma),Historical Fact Roman Mythology,Europe
187,Yagyu_Tajima-no-Kami_Munenori,Saber Empireo,Saber,4-Star,12,80,1666,1781,9999,11135,11048,12313,12107,13501,0.0081,0.03,100,0.103,0.35,1,2,4,4,4,Man,Male-Servant-Humanoid-Weak to Enuma Elish-Riding,Furumi Shouichi,Yamaji Kazuhiro,181 cm , 71 kg,Lawful Neutral,Fate/Grand Order,Male,Historical Fact,Japan
51,Sakata_Kintoki,Kintarou-Golden Boy,Berserker,5-star,16,90,1964,1782,12712,12150,12712,12150,13915,13311,0.0103,0.05,9,0.05,0.52,1,2,2,3,1,Man,Male-Servant-Humanoid-Divine-Weak to Enuma Elish-Brynhild's Beloved,Honjou Raita,Yusa Kouji,190 cm , 88 kg,Lawful Good,Fate/Apocrypha,Male,Historical Fact,Japan
261,Summer_Miyamoto_Musashi,Shinmen Musashi no Kami Fujiwara no Harunobu,Berserker,5-star,16,90,1964,1782,12712,12150,12712,12150,13915,13311,0.0051,0.05,9,0.05,0.52,4,3,4,5,4,Man,Female-Servant-Humanoid-Divine-Weak to Enuma Elish-Riding,Koyama Hirokazu,Sakura Ayane,167 cm , 46.5 kg,Chaotic Good,Fate/Grand Order,Female,Historical Fact,Alternate World Lostbelt
96,Edmond_Dantes,Count of Monte Cristo-King of the Cavern,Avenger,5-star,16,90,1953,1785,12641,12177,12641,12177,13838,13340,0.0062,0.05,30,0.059,0.07,3,2,4,5,8,Man,Male-Servant-Humanoid-Weak to Enuma Elish,Komatsuzaki Rui,Shimazaki Nobunaga,185 cm , 75 kg,Chaotic Evil,Fate/Grand Order,Male,Dumas Book ｢The Count of Monte Cristo｣?,France
109,Emiya_(Assassin),Emiya Kiritsugu,Assassin,4-Star,12,80,1493,1786,8958,11168,9898,12350,10846,13541,0.0046,0.04,97,0.256,0.44,6,2,4,8,15,Man,Male-Servant-Humanoid-Weak to Enuma Elish-Brynhild's Beloved,AKIRA,Koyama Rikiya,175 cm , 63 kg,Chaotic Evil,Fate/Zero,Male,Caribean sea,Far East
133,Summer_Scathach,Queen of the Shadow Realm,Assassin,4-Star,12,80,1508,1786,9049,11168,9999,12350,10956,13541,0.0071,0.04,98,0.256,0.44,3,3,3,5,5,Star,Female-Servant-Humanoid-Weak to Enuma Elish-King,Koyama Hirokazu,Noto Mamiko,168 cm , 55 kg,Neutral Good,Fate/Grand Order,Female,Celtic Mythology,Ireland
94,Astolfo,Twelfth Paladin of Charlemagne,Rider,4-Star,12,80,1489,1787,8937,11172,9875,12354,10821,13546,0.0066,0.01,205,0.09,0.4,1,2,2,4,1,Earth,Servant-Humanoid-Weak to Enuma Elish-Riding-Sky or Earth Servant,Konoe Ototsugu,Ookubo Rumi,164 cm , 56 kg,Chaotic Good,Fate/Apocrypha,???,Legend of Charlemagne,France
98,Cu_Chulainn_(Alter),Hound of Ulster,Berserker,5-star,16,90,1979,1790,12805,12210,12805,12210,14017,13377,0.0069,0.05,9,0.051,0.52,3,3,4,5,12,Earth,Male-Servant-Humanoid-Weak to Enuma Elish-Brynhild's Beloved-Sky or Earth Servant,Shima Drill,Canna Nobutoshi,185 cm , 72 kg,Chaotic Evil,Fate/Grand Order,Male,Celtic Mythology,Europe
256,Gareth,Guerrehet-Beaumains,Lancer,2-Star,4,65,960,1795,5413,9537,7149,12556,7844,13764,0.0071,0.04,88,0.121,0.36,1,3,4,5,8,Earth,Female-Servant-Humanoid-Weak to Enuma Elish-Riding-Brynhild's Beloved-Sky or Earth Servant,Nekotawawa,Kuwahara Yuuki,153 cm , 41 kg,Lawful Good,Fate/Grand Order,Female,Legend of King Arthur,Britain
203,Avicebron,Solomon ibn Gabirol,Caster,3-Star,7,70,1184,1796,6376,9981,7876,12346,8629,13533,0.0061,0.03,50,0.107,0.36,4,2,4,5,3,Man,Male-Servant-Humanoid-Weak to Enuma Elish,Konoe Ototsugu,Miyamoto Mitsuru,161 cm , 52 kg,Lawful Neutral,Fate/Apocrypha,Male,Folklore,Europe
138,Elisabeth_Bathory_(Brave),Brave Hero Eli-chan,Saber,4-Star,12,80,1649,1799,9899,11248,10938,12438,11986,13638,0.0055,0.03,100,0.099,0.28,1,3,4,5,7,Earth,Female-Servant-Humanoid-Dragon-Weak to Enuma Elish-Sky or Earth Servant,Wada Arco,Ookubo Rumi,154 cm , 48 kg,Chaotic Good,Fate/Grand Order,Female,Halloween Comeback!,Prison Castle Csejte
186,Houzouin_Inshun,Lancer Purgatorio,Lancer,3-Star,7,70,1261,1799,6791,9996,8389,12364,9191,13553,0.0106,0.04,90,0.122,0.36,2,2,3,4,0,Man,Male-Servant-Humanoid-Weak to Enuma Elish-Brynhild's Beloved,Matsuryuu,Namikawa Daisuke,177 cm , 79 kg,True Neutral,Fate/Grand Order,Male,Historical Fact,Japan
248,Ashvatthaman,Drauni Personification of Rage,Archer,4-Star,12,80,1708,1799,10249,11245,11325,12435,12409,13634,0.0058,0.03,153,0.081,0.315,5,4,4,4,5,Sky,Male-Servant-Humanoid-Divine-Weak to Enuma Elish-Sky or Earth Servant,pako,Suzuki Tatsuhisa,188 cm , 81 kg,Chaotic Neutral,Fate/Grand Order,Male,Mahabharata,India
135,Summer_Martha,Martha of Bethany-Saint of the Waterside,Ruler,4-Star,12,80,1591,1800,9546,11250,10548,12440,11558,13640,0.0076,0.03,102,0.1,0.21,1,3,4,5,10,Man,Female-Servant-Humanoid-Weak to Enuma Elish,Sakamoto Mineji,Hayami Saori,161 cm , 49 kg,Lawful Good,Fate/Grand Order,Female,Historical Fact New Testament,Europe
222,Mysterious_Heroine_XX,???,Foreigner,4-Star,12,80,1625,1800,9751,11250,10774,12440,11806,13640,0.0064,0.03,147,0.15,0.1,4,3,4,4,4,Star,Female-Servant-Humanoid-Dragon-Not Weak to Enuma Elish-Riding-Altria Face-Arthur-Brynhild's Beloved-King,BUNBUN,Kawasumi Ayako,154 cm , 42 kg,Lawful Good,Fate/Grand Order,Female,Servant Summer Festival!,Servant Universe
66,Anne_Bonny_&_Mary_Read,Anne McCormac & Mark Read,Rider,4-Star,12,80,1504,1805,9029,11286,9977,12480,10932,13684,0.0084,0.03,200,0.091,0.5,1,2,2,3,6,Man,Female-Servant-Humanoid-Weak to Enuma Elish,I-IV,Nonaka Ai & Kawasumi Ayako,171 cm , 54 kg,Chaotic Evil,Fate/Grand Order,Female,Historical Fact,Caribbean Sea
73,Altria_Pendragon_(Santa_Alter),Evil Santa,Rider,4-Star,12,80,1543,1805,9258,11286,10230,12480,11209,13684,0.0087,0.03,204,0.089,0.35,1,2,2,3,3,Man,Female-Servant-Humanoid-Dragon-Weak to Enuma Elish-Riding-Altria Face-Arthur-King,Takeuchi Takashi,Kawasumi Ayako,154 cm , 52 kg,Lawful Good,Fate/Grand Order,Female,Almost a Week with Santa Alter,Finland (allegedly)
120,Nitocris,The Soul of Re is Divine,Caster,4-Star,12,80,1510,1806,9060,11288,10011,12482,10970,13686,0.0054,0.03,50,0.108,0.36,3,3,4,5,3,Earth,Female-Servant-Humanoid-Divine-Weak to Enuma Elish-Sky or Earth Servant-King,Shima Udon,Tanaka Minami,162 cm , 51 kg,Lawful Good,Fate/Grand Order,Female,Historical Fact,Egypt
208,Sieg,Fafnir,Caster,4-Star,12,80,1399,1806,8394,11288,9275,12482,10163,13686,0.0078,0.03,50,0.108,0.54,3,2,3,4,3,Man,Male-Servant-Humanoid-Dragon-Weak to Enuma Elish,Konoe Ototsugu,Hanae Natsuki,165 cm , 53 kg,Neutral Good,Fate/Apocrypha,Male,Fate/Apocrypha,Romania
233,Quetzalcoatl_(Samba/Santa),Feathered Serpent,Ruler,4-Star,12,80,1614,1809,9687,11306,10704,12502,11729,13708,0.0071,0.03,104,0.1,0.21,4,3,4,5,4,Sky,Female-Servant-Humanoid-Weak to Enuma Elish-Sky or Earth Servant-King,Hiroe Rei,Endou Aya,181 cm , 64 kg,Lawful Good,Fate/Grand Order,Female,Aztec Mythology,Central and South America
249,Asklepios,Asclepius-God of Medicine,Caster,3-Star,7,70,1184,1815,6376,10084,7876,12473,8629,13672,0.0081,0.03,49,0.11,0.36,2,2,4,4,0,Earth,Male-Servant-Humanoid-Divine-Weak to Enuma Elish-Sky or Earth Servant-Men of Greek Mythology-Related to the Argo,Teita,Suzuki Ryouta,170 cm , 60 kg,True Neutral,Fate/Grand Order,Male,Greek Mythology,Greece
20,Cu_Chulainn_(Prototype),Hound of Ulster,Lancer,3-Star,7,70,1315,1817,7082,10089,8748,12491,9584,13691,0.0108,0.04,88,0.121,0.28,1,2,2,3,1,Sky,Male-Servant-Humanoid-Divine-Weak to Enuma Elish-Sky or Earth Servant,Nakahara,Nakai Kazuya,184 cm , 74 kg,Lawful Neutral,Fate/Prototype,Male,Celtic Mythology,Europe
71,Diarmuid_Ua_Duibhne,Diarmuid O'Dyna,Lancer,3-Star,7,70,1277,1817,6877,10098,8495,12491,9307,13691,0.0079,0.04,87,0.123,0.36,2,2,2,4,2,Earth,Male-Servant-Humanoid-Weak to Enuma Elish-Brynhild's Beloved-Sky or Earth Servant,Mata,Midorikawa Hikaru,184 cm , 85 kg,Lawful Neutral,Fate/Zero,Male,Celtic Mythology Knights of Fianna,Ireland
102,Li_Shuwen,God Spear Li,Lancer,4-Star,12,80,1608,1817,9653,11360,10666,12562,11688,13774,0.0052,0.04,87,0.122,0.4,1,3,3,5,3,Man,Male-Servant-Humanoid-Weak to Enuma Elish,Wada Arco,Yasui Kunihiko,166 cm , 60 kg,Neutral Evil,Fate/EXTRA,Male,Historical Fact,China
252,Nagao_Kagetora,Uesugi Kenshin-Dragon of Echigo-Lancer of Eight Flowers,Lancer,4-Star,12,80,1602,1817,9617,11360,10626,12562,11644,13774,0.0045,0.04,89,0.122,0.35,2,4,5,5,8,Man,Female-Servant-Humanoid-Divine-Weak to Enuma Elish-Riding,Takeuchi Takashi,Mizuki Nana,167 cm , 53 kg,Lawful Good,Fate/KOHA-ACE,Female,Historical Fact,Japan
223,Diarmuid_Ua_Duibhne,Diarmuid O'Dyna,Saber,4-Star,12,80,1674,1818,10048,11362,11103,12564,12166,13776,0.0073,0.03,97,0.102,0.315,4,3,4,4,10,Earth,Male-Servant-Humanoid-Weak to Enuma Elish-Riding-Brynhild's Beloved-Sky or Earth Servant,Azusa,Midorikawa Hikaru,184 cm , 85 kg,Lawful Neutral,Fate/Zero,Male,Celtic Mythology Knights of Fianna,Ireland
245,Lakshmi_Bai,Rani of Jhansi,Saber,4-Star,12,80,1658,1818,9949,11362,10993,12564,12046,13776,0.0101,0.03,96,0.1,0.28,4,2,3,5,4,Man,Female-Servant-Humanoid-Divine-Weak to Enuma Elish-Riding-Altria Face,Takeuchi Takashi,Satou Rina,159 cm , 44 kg,Lawful Good,Fate/Grand Order,Female,Historical Fact,India
26,Boudica,Queen Boudica of the Iceni,Rider,3-Star,7,70,1168,1823,6289,10130,7768,12530,8511,13735,0.0085,0.03,196,0.089,0.45,1,2,2,3,1,Man,Female-Servant-Humanoid-Weak to Enuma Elish-Riding-King,Aotsuki Takao,Saito Chiwa,174 cm , 62 kg,Neutral Good,Fate/Grand Order,Female,Historical Fact,Europe
61,Elisabeth_Bathory_(Halloween),Pumpkin Eli-chan,Caster,4-Star,12,80,1436,1824,8616,11404,9520,12611,10432,13827,0.016,0.03,49,0.04,0.42,1,1,2,4,5,Man,Female-Servant-Humanoid-Dragon-Weak to Enuma Elish,Wada Arco,Ookubo Rumi,174 cm , 44 kg,Chaotic Evil,Fate/EXTRA CCC,Female,Historical Fact,Hungary
130,Marie_Antoinette,Beach Flower of Versailles,Caster,4-Star,12,80,1510,1824,9060,11404,10011,12611,10970,13827,0.0032,0.03,50,0.109,0.36,1,5,3,4,3,Man,Female-Servant-Humanoid-Weak to Enuma Elish,Ginka,Taneda Risa,160 cm , 48 kg,Lawful Good,Fate/Grand Order,Female,Historical Fact,Europe
132,Summer_Mordred,Knight of Rebellion,Rider,4-Star,12,80,1535,1824,9212,11400,10179,12606,11154,13822,0.0071,0.03,204,0.092,0.35,1,2,3,4,5,Earth,Female-Servant-Humanoid-Dragon-Weak to Enuma Elish-Altria Face-Sky or Earth Servant,Konoe Ototsugu,Sawashiro Miyuki,154 cm , 42 kg,Chaotic Good,Fate/Grand Order,Female,Historical Fact,Britain
180,Summer_Helena_Blavatsky_(Archer),Helena Petrovna Blavatsky,Archer,4-Star,12,80,1574,1824,9446,11404,10437,12611,11437,13827,0.0038,0.03,135,0.08,0.27,1,5,3,3,4,Man,Female-Servant-Humanoid-Weak to Enuma Elish,Matsuryuu,Kanemoto Hisako,145 cm , 38 kg,Chaotic Good,Fate/Grand Order,Female,Historical Fact,Europe
123,Gawain,Gwalchmei-Gualguanus-Walwein,Saber,4-Star,12,80,1695,1827,10173,11419,11241,12627,12317,13845,0.0114,0.03,102,0.1,0.21,1,2,2,5,4,Earth,Male-Servant-Humanoid-Weak to Enuma Elish-Riding-Brynhild's Beloved-Sky or Earth Servant,Wada Arco,Mizushima Takahiro,180 cm , 78 kg,Lawful Good,Fate/EXTRA,Male,Legend of King Arthur,Britain
13,Robin_Hood,Nameless King,Archer,3-Star,7,70,1247,1833,6715,10187,8295,12601,9088,13812,0.0087,0.03,150,0.08,0.315,1,2,3,3,1,Man,Male-Servant-Humanoid-Weak to Enuma Elish-Brynhild's Beloved,Wada Arco,Toriumi Kousuke,175 cm , 65 kg,Neutral Good,Fate/EXTRA,Male,Historical Fact,England Sherwood
58,Tamamo_Cat,Beast of the Tamamo Nine,Berserker,4-Star,12,80,1504,1833,9026,11458,9973,12670,10929,13893,0.0071,0.05,10,0.05,0.39,2,3,2,3,5,Earth,Female-Servant-Humanoid-Wild Beast-Weak to Enuma Elish-Sky or Earth Servant,Wada Arco,Saito Chiwa,160 cm , 52 kg,Chaotic Good,Fate/Grand Order,Female,Fate/EXTRA CCC,SERAPH
64,Hektor,Hector of Troy,Lancer,3-Star,7,70,1286,1836,6928,10200,8558,12617,9376,13829,0.0108,0.04,90,0.122,0.28,1,2,2,3,1,Man,Male-Servant-Humanoid-Weak to Enuma Elish-Riding-Men of Greek Mythology,BLACK,Yasui Kunihiko,180 cm , 82 kg,Lawful Neutral,Fate/Grand Order,Male,Trojan War,Greece
11,Emiya,Emiya Shirou-Nameless,Archer,4-Star,12,80,1566,1843,9398,11521,10384,12740,11379,13969,0.0051,0.03,145,0.079,0.315,1,3,2,5,10,Man,Male-Servant-Humanoid-Weak to Enuma Elish-Brynhild's Beloved,Takeuchi Takashi,Suwabe Junichi,187 cm , 78 kg,True Neutral,Fate/Stay Night,Male,Anime,Japan
41,Stheno,First Gorgon Sister,Assassin,4-Star,12,80,1497,1843,8985,11518,9928,12737,10879,13965,0.0226,0.04,104,0.25,0.275,1,1,2,3,1,Sky,Female-Servant-Humanoid-Divine-Weak to Enuma Elish-Sky or Earth Servant,AKIRA,Asakawa Yuu,134 cm , 30 kg,Chaotic Good,Fate/Hollow Ataraxia,Female,Greek Mythology,Greece
131,Summer_Anne_Bonny_&_Mary_Read,Anne x Mary,Archer,4-Star,12,80,1574,1843,9446,11521,10437,12740,11437,13969,0.0085,0.03,153,0.081,0.405,1,2,3,5,9,Man,Female-Servant-Humanoid-Weak to Enuma Elish,I-IV,Nonaka Ai & Kawasumi Ayako,171 cm , 54 kg,Chaotic Neutral,Fate/Grand Order,Female,Historical Fact,Caribbean Sea
177,Summer_Nitocris_(Assasin),Race Team ｢Desert Beauty｣,Assassin,4-Star,12,80,1468,1843,8812,11518,9737,12737,10670,13965,0.0078,0.04,102,0.25,0.33,1,2,3,4,3,Sky,Female-Servant-Humanoid-Divine-Weak to Enuma Elish-Sky or Earth Servant-King,Shima Udon,Tanaka Minami,162 cm , 51 kg,Lawful Good,Fate/Grand Order,Female,Historical Fact,Egypt
235,Li_Shuwen,Imperial Soldier Captain,Assassin,5-star,16,90,1772,1843,11470,12568,11470,12568,12556,13769,0.0099,0.04,97,0.253,0.55,1,2,4,5,1,Man,Male-Servant-Humanoid-Weak to Enuma Elish,Wada Arco,Yasui Kunihiko,166 cm , 58 kg,Neutral Evil,Fate/Grand Order,Male,Historical Fact,China
274,Europa,Consort of Zeus,Rider,5-star,16,90,1813,1843,11737,12571,11737,12571,12848,13772,0.0058,0.03,205,0.089,0.35,1,3,3,5,4,Sky,Female-Servant-Humanoid-Divine-Weak to Enuma Elish-Riding-Sky or Earth Servant,redjuice,M・A・O,155 cm , 44 kg,Neutral Good,Fate/Grand Order,Female,Greek Mythology,Europe
242,Astraea,Goddess of Justice-Luviagelita Edelfelt,Ruler,4-Star,12,80,1622,1845,9734,11531,10756,12751,11786,13981,0.0043,0.03,100,0.099,0.175,1,4,3,5,8,Sky,Female-Servant-Humanoid-Divine-Weak to Enuma Elish-Roman-Sky or Earth Servant-Pseudo-Servant,Azuma Toh,Ito Shizuka,160 cm , 49 kg,Lawful Good,Lord El-Melloi II Case Files,Female,Greek Mythology,Greece
1,Mash_Kyrielight,Galahad,Shielder,3-Star,1,70,1261,1854,6791,10302,9653,14248,10575,15619,0.0084,0.03,99,0.099,0.245,1,2,2,3,0,Earth,Female-Servant-Humanoid-Weak to Enuma Elish-Riding-Sky or Earth Servant-Demi-Servant,Takeuchi Takashi,Takahashi Rie,158 cm , 46 kg,Lawful Good,Fate/Grand Order,Female,Type-Moon,Chaldea
3,Altria_Pendragon_(Alter),King Arthur-King of Knights,Saber,4-Star,12,80,1708,1854,10248,11589,11324,12815,12408,14051,0.0086,0.03,99,0.099,0.192,1,2,2,3,3,Man,Female-Servant-Humanoid-Dragon-Weak to Enuma Elish-Altria Face-Arthur-King,Takeuchi Takashi,Kawasumi Ayako,154 cm , 42 kg,Lawful Evil,Fate/Stay Night,Female,Legend of King Arthur,Britain
121,Lancelot,Knight of the Lake,Saber,4-Star,12,80,1658,1854,9949,11589,10993,12815,12046,14051,0.0083,0.03,100,0.1,0.28,4,2,3,5,1,Earth,Male-Servant-Humanoid-Weak to Enuma Elish-Riding-Brynhild's Beloved-Sky or Earth Servant,Shima Drill,Okiayu Ryotaro,191 cm , 81 kg,Lawful Good,Fate/Grand Order,Male,Legend of King Arthur,Britain
69,Oda_Nobunaga,Demon King of the Sixth Heaven,Archer,4-Star,12,80,1582,1862,9494,11637,10490,12868,11495,14110,0.0043,0.03,150,0.079,0.315,4,4,2,5,10,Man,Female-Servant-Humanoid-Weak to Enuma Elish-King,pako,Kugimiya Rie,152 cm , 43 kg,Lawful Neutral,KOHA-ACE EX,Female,Historical Fact,Japan
75,Jack_the_Ripper,Legendary Serial Killer,Assassin,5-star,16,90,1786,1862,11557,12696,11557,12696,12651,13909,0.0107,0.04,97,0.255,0.44,2,2,5,4,4,Earth,Female-Servant-Humanoid-Weak to Enuma Elish-Sky or Earth Servant,Konoe Ototsugu,Tange Sakura,134 cm , 33 kg,Chaotic Evil,Fate/Apocrypha,Female,Historical Fact,London
86,Mysterious_Heroine_X,???,Assassin,5-star,16,90,1817,1862,11761,12696,11761,12696,12874,13909,0.0081,0.04,98,0.256,0.385,1,2,4,4,12,Star,Female-Servant-Humanoid-Dragon-Not Weak to Enuma Elish-Riding-Altria Face-Arthur-King,BUNBUN,Kawasumi Ayako,154 cm , 42 kg,Chaotic Good,Fate/Grand Order,Female,April Fool's Day 2013,Servant Universe
122,Tristan,Drustanus-Trystan-Tristram,Archer,4-Star,12,80,1622,1862,9735,11637,10757,12868,11787,14110,0.0058,0.03,145,0.081,0.315,5,3,4,6,7,Earth,Male-Servant-Humanoid-Weak to Enuma Elish-Sky or Earth Servant,Morii Shizuki,Uchiyama Kouki,186 cm , 78 kg,Lawful Good,Fate/Grand Order,Male,Legend of King Arthur,Britain
159,Assassin_of_Shinjuku,Yan Qing-Doppelganger,Assassin,4-Star,12,80,1443,1862,8661,11637,9570,12868,10487,14110,0.0071,0.04,100,0.256,0.495,1,3,3,5,11,Man,Male-Servant-Humanoid-Weak to Enuma Elish,Shima Udon,Okamoto Nobuhiko,171 cm , 63 kg,Chaotic Evil,Fate/Grand Order,Male,Shui Hu Zhuan Suikoden Water Margin,China
185,Assassin_Paraiso,Mochizuki Chiyome,Assassin,4-Star,12,80,1418,1862,8510,11637,9403,12868,10304,14110,0.008,0.04,99,0.255,0.44,3,2,3,4,5,Earth,Female-Servant-Humanoid-Weak to Enuma Elish-Sky or Earth Servant,Hiroyama Hiroshi,Sakura Ayane,154 cm , 46 kg,Chaotic Evil,Fate/Grand Order,Female,Historical Fact,Japan
197,Altera_the_San_(Ta),Attila the Hun [Ta]-Santa Claus Elder,Archer,4-Star,12,80,1626,1862,9759,11637,10783,12868,11816,14110,0.0059,0.03,153,0.081,0.27,3,3,3,4,10,Star,Female-Servant-Humanoid-Divine-Not Weak to Enuma Elish-Riding-King,huke,Noto Mamiko,160 cm , 48 kg,Chaotic Good,Fate/Grand Order,Female,Merry Christmas in the Underworld,Finland (allegedly)
209,Okita_Souji_(Alter),Majin,Alterego,5-star,16,90,1926,1862,12465,12696,12465,12696,13645,13909,0.0077,0.04,99,0.102,0.35,3,3,5,5,7,Man,Female-Servant-Humanoid-Weak to Enuma Elish-Altria Face-Brynhild's Beloved,Takeuchi Takashi,Yuuki Aoi,163 cm , 51 kg,True Neutral,Fate/KOHA-ACE,Female,Historical Fact,Japan
266,Mysterious_Alterego_Lambda,Lambda-Meltryllis-Lambdaryllis,Lancer,4-Star,12,80,1543,1879,9261,11749,10233,12992,11213,14246,0.0076,0.04,91,0.121,0.28,3,2,4,5,3,Earth,Female-Servant-Humanoid-Dragon-Divine-Weak to Enuma Elish-Riding-Sky or Earth Servant,Wada Arco,Hayami Saori,160 cm , 33 kg,Lawful Good,Fate/EXTRA CCC,Female,Fate/EXTRA CCC,SE.RA.PH
5,Nero_Claudius,Empress of Rose,Saber,4-Star,12,80,1574,1880,9449,11753,10441,12996,11441,14250,0.0084,0.03,102,0.101,0.245,1,2,2,5,1,Man,Female-Servant-Humanoid-Weak to Enuma Elish-Riding-Roman-Altria Face-King,Wada Arco,Tange Sakura,150 cm , 42 kg,Chaotic Good,Fate/EXTRA,Female,Historical Fact,Rome
165,Suzuka_Gozen,Tate Eboshi,Saber,4-Star,12,80,1590,1880,9544,11753,10546,12996,11556,14250,0.0057,0.03,100,0.102,0.21,3,3,3,4,10,Sky,Female-Servant-Humanoid-Divine-Weak to Enuma Elish-Riding-Sky or Earth Servant,Takenoko Seijin,Touyama Nao,164 cm , 51 kg,Neutral Evil,Fate/EXTRA CCC Foxtail,Female,Fate/EXTRA CCC,SE.RA.PH
65,Francis_Drake,El Draque,Rider,5-star,16,90,1750,1881,11326,12830,11326,12830,12398,14056,0.0042,0.03,208,0.09,0.5,2,4,6,4,5,Star,Female-Servant-Humanoid-Not Weak to Enuma Elish-Riding,Wada Arco,Takano Urara,162 cm , 55 kg,Chaotic Evil,Fate/EXTRA,Female,Historical Fact,United Kingdom
78,Altria_Pendragon_(Lancer_Alter),King Arthur-King of Knights,Lancer,4-Star,12,80,1661,1881,9968,11761,11014,13005,12069,14260,0.0074,0.04,88,0.118,0.23,1,3,2,4,4,Sky,Female-Servant-Humanoid-Dragon-Weak to Enuma Elish-Riding-Altria Face-Arthur-Sky or Earth Servant-King,Ishida Akira,Kawasumi Ayako,171 cm , 57 kg?,Lawful Good,Fate/Grand Order,Female,Legend of King Arthur,Europe
112,Shuten-Douji,Liquor Child-Ibuki Douji,Assassin,5-star,16,90,1853,1881,11993,12825,11993,12825,13128,14050,0.0055,0.04,98,0.25,0.316,1,3,4,6,1,Earth,Female-Servant-Humanoid-Dragon-Divine-Weak to Enuma Elish-Demonic-Sky or Earth Servant-Demon Beast-Oni,Honjou Raita,Yuuki Aoi,145 cm , 46 kg,Chaotic Evil,Fate/Grand Order,Female,Otogizoushi etc.,Japan
118,Ozymandias,Ramesses II,Rider,5-star,16,90,1850,1881,11971,12830,11971,12830,13104,14056,0.0059,0.03,205,0.09,0.3,1,3,5,5,5,Sky,Male-Servant-Humanoid-Divine-Weak to Enuma Elish-Riding-Brynhild's Beloved-Sky or Earth Servant-King,Nakahara,Koyasu Takehito,179 cm , 65 kg,Chaotic Neutral,Fate/Prototype: Fragments of Blue and Silver,Male,Historical Fact,Egypt
237,Murasaki_Shikibu,Fujiwara no Takako,Caster,5-star,16,90,1757,1882,11374,12833,11374,12833,12451,14059,0.0045,0.03,51,0.107,0.42,4,4,4,5,6,Man,Female-Servant-Humanoid-Weak to Enuma Elish,Honjou Raita,Kayano Ai,163 cm , 51 kg,Neutral Good,Fate/Grand Order,Female,Historical Fact,Japan
231,Red_Hare,Red Hare (Horse)-Sekitoba,Rider,3-Star,7,70,1194,1886,6434,10483,7948,12967,8708,14214,0.0057,0.03,198,0.09,0.4,1,3,4,5,4,Earth,Male-Servant-Humanoid-Wild Beast-Weak to Enuma Elish-Riding-Brynhild's Beloved-Sky or Earth Servant,Midorikawa Miho,Midorikawa Hikaru,250 cm , 400 kg,True Neutral,Fate/Grand Order,Male,Historical Fact Romance of the Three Kingdoms etc.,China
9,Gilles_de_Rais,Bluebeard,Saber,3-Star,7,70,1228,1889,6615,10498,8171,12986,8952,14234,0.0082,0.03,98,0.099,0.315,1,2,2,3,1,Man,Male-Servant-Humanoid-Weak to Enuma Elish-Riding-Brynhild's Beloved,Shinjirou,Tsuruoka Satoshi,186 cm , 91 kg,Lawful Good,Fate/Grand Order,Male,Historical Fact,France
239,Kama,Matou Sakura-God of Love and Desire,Assassin,5-star,16,90,1781,1890,11528,12889,11528,12889,12619,14120,0.0074,0.04,100,0.25,0.316,4,3,4,5,10,Sky,Female-Servant-Humanoid-Divine-Weak to Enuma Elish-Riding-Sky or Earth Servant-Pseudo-Servant,ReDrop,Shitaya Noriko,156 cm , 46 kg,Chaotic Evil,Fate/Grand Order,Female,Hindu Mythology,India
18,Elisabeth_Bathory,Blood Countess,Lancer,4-Star,12,80,1520,1899,9122,11870,10079,13126,11045,14392,0.011,0.04,90,0.118,0.24,1,2,2,3,5,Man,Female-Servant-Humanoid-Dragon-Weak to Enuma Elish,Wada Arco,Ookubo Rumi,156 cm , 44 kg,Chaotic Evil,Fate/EXTRA CCC,Female,Historical Fact,Hungary
134,Kiyohime_(Lancer),Princess Kiyo,Lancer,4-Star,12,80,1489,1899,8936,11870,9874,13126,10820,14392,0.0105,0.04,92,0.12,0.4,6,2,2,5,6,Earth,Female-Servant-Humanoid-Dragon-Weak to Enuma Elish-Sky or Earth Servant,BLACK,Taneda Risa,158 cm , 41 kg,Chaotic Evil,Fate/Grand Order,Female,Legend of Kiyohime,Japan
141,Jeanne_d'Arc_Alter_Santa_Lily,Second Generation Santa,Lancer,4-Star,12,80,1543,1899,9261,11870,10233,13126,11213,14392,0.0072,0.04,92,0.121,0.28,1,3,3,5,5,Man,Female-Servant-Humanoid-Weak to Enuma Elish-Altria Face,Takeuchi Takashi,Sakamoto Maaya,141 cm , 39 kg,Chaotic Good,Fate/Grand Order,Female,Historical Fact (Historical Fact…?),Santaland (Allegedly)
264,Young_Katsushika_Hokusai,Dragon Crest Octopus-O-Ei,Saber,4-Star,12,80,1564,1899,9389,11873,10374,13129,11368,14396,0.0046,0.03,99,0.1,0.288,4,4,4,5,8,Man,Female-Servant-Humanoid-Divine-Weak to Enuma Elish-Threat to Humanity,Kuroboshi Kouhaku,Yukana,162 cm , 51 kg,Chaotic Good,Fate/Grand Order,Female,Historical Fact,Japan
144,Quetzalcoatl,Feathered Serpent,Rider,5-star,16,90,1854,1900,12001,12960,12001,12960,13137,14198,0.009,0.03,205,0.09,0.25,3,2,3,5,1,Sky,Female-Servant-Humanoid-Divine-Weak to Enuma Elish-Riding-Sky or Earth Servant-King,Hiroe Rei,Endou Aya,181 cm , 64 kg,Lawful Good,Fate/Grand Order,Female,Aztec Mythology,Central and South America
211,Sakamoto_Ryouma,Saitani Umetarou,Rider,4-Star,12,80,1425,1900,8555,11880,9453,13137,10358,14404,0.0056,0.03,203,0.09,0.45,4,3,4,6,4,Man,Male-Servant-Humanoid-Divine-Weak to Enuma Elish-Riding-Brynhild's Beloved,pako,Kase Yasuyuki & Horie Yui,178 cm , 72 kg,True Neutral,Fate/KOHA-ACE,Male,Historical Fact,Japan
74,Nursery_Rhyme,Alice in Wonderland (Book),Caster,4-Star,12,80,1438,1901,8629,11882,9535,13139,10448,14407,0.0054,0.03,50,0.108,0.36,1,3,3,3,3,Man,Female-Servant-Humanoid-Weak to Enuma Elish,Wada Arco,Nonaka Ai,137 cm , 30 kg,Changes according to her Master (True Neutral),Fate/EXTRA,Female,English Fairy Tales,Europe
100,Helena_Blavatsky,Helena Petrovna Blavatsky,Caster,4-Star,12,80,1438,1901,8629,11882,9535,13139,10448,14407,0.0045,0.03,51,0.107,0.36,1,3,6,3,3,Man,Female-Servant-Humanoid-Weak to Enuma Elish,Matsuryuu,Kanemoto Hisako,145 cm , 38 kg,Chaotic Good,Fate/Grand Order,Female,Historical Fact,Europe
103,Thomas_Edison,King of Inventors-King of Presidents,Caster,4-Star,12,80,1325,1901,7952,11882,8787,13139,9628,14407,0.0051,0.03,51,0.106,0.6,3,3,3,5,1,Man,Male-Servant-Humanoid-Weak to Enuma Elish,pako,Terashima Takuma,182 cm , 88 kg,Lawful Neutral,Fate/Grand Order,Male,Historical Fact,North America
113,Xuanzang_Sanzang,Genjou Sanzou,Caster,5-star,16,90,1801,1901,11658,12965,11658,12965,12761,14204,0.0082,0.03,52,0.11,0.345,1,2,3,6,12,Man,Female-Servant-Humanoid-Divine-Weak to Enuma Elish,Okazaki Takeshi,Komatsu Mikako,160 cm , 48 kg,Lawful Good,Fate/Grand Order,Female,Journey to the West,China
276,Sei_Shonagon,Kiyohara no Nagiko,Archer,5-star,16,90,1888,1901,12218,12965,12218,12965,13374,14204,0.0057,0.03,153,0.08,0.36,2,3,4,5,4,Man,Female-Servant-Humanoid-Weak to Enuma Elish,Mika Pikazo,Ai Fairouz,157 cm , 46 kg,Chaotic Good,Fate/Grand Order,Female,Historical Fact,Japan
268,Space_Ishtar,S. Ishtar-Ashtareth-Astarte,Avenger,5-star,16,90,1949,1912,12612,13041,12612,13041,13806,14287,0.0069,0.05,29,0.06,0.05,3,2,4,5,3,Star,Female-Servant-Humanoid-Divine-Not Weak to Enuma Elish,Morii Shizuki,Ueda Kana,154 cm , ?? kg,Lawful Evil,Fate/Grand Order,Female,Ancient Mesopotamian Mythology Old Testament,Servant Universe
101,Rama,Seventh Avatar of the Vishnu,Saber,4-Star,12,80,1642,1919,9854,11993,10888,13262,11931,14541,0.0084,0.03,100,0.102,0.245,1,2,2,4,5,Sky,Male-Servant-Humanoid-Divine-Weak to Enuma Elish-Riding-Brynhild's Beloved-Sky or Earth Servant-King,Rin Kususaga,Sawashiro Miyuki,168 cm , 65 kg,Lawful Good,Fate/Grand Order,Male,Ramayana,India
176,Summer_Frankenstein_(Saber),Race Team ｢Steam Electrical with Papa｣,Saber,4-Star,12,80,1558,1919,9353,11993,10335,13262,11325,14541,0.007,0.03,102,0.099,0.315,5,4,3,5,5,Earth,Female-Servant-Humanoid-Weak to Enuma Elish-Sky or Earth Servant,Okazaki Takeshi,Nonaka Ai,172 cm , 48 kg,Neutral Summer,Fate/Grand Order,Female,Literary Work,All of Europe
12,Gilgamesh,King of Heroes-Tyrant King of Uruk,Archer,5-star,16,90,1897,1920,12280,13097,12280,13097,13442,14348,0.0034,0.03,153,0.079,0.315,5,5,5,8,1,Sky,Male-Servant-Humanoid-Divine-Weak to Enuma Elish-Sky or Earth Servant-King,Takeuchi Takashi,Seki Tomokazu,182 cm , 68 kg,Chaotic Good,Fate/Stay Night,Male,Sumerian Civilization Epic of Gilgamesh,Babylonia Uruk
145,Gilgamesh,Wise King of Uruk,Caster,4-Star,12,80,1410,1920,8460,12005,9348,13275,10243,14556,0.0032,0.03,51,0.109,0.42,6,5,2,5,10,Man,Male-Servant-Humanoid-Divine-Weak to Enuma Elish-Brynhild's Beloved-King,Ginka,Seki Tomokazu,182 cm , 68 kg,Lawful Good,Fate/Grand Order,Male,Sumerian Civilization Epic of Gilgamesh,Babylonia Uruk
212,Napoleon,Napoleone di Buonaparte,Archer,5-star,16,90,1859,1920,12033,13097,12033,13097,13172,14348,0.0059,0.03,150,0.08,0.45,1,3,3,5,5,Star,Male-Servant-Humanoid-Not Weak to Enuma Elish-Brynhild's Beloved-King,Ryota-H,Hino Satoshi,189 cm , 92 kg,Neutral Good,Fate/Grand Order,Male,Historical Fact The Legend of Napoleon,Europe
236,Miyu_Edelfelt,Sakatsuki Miyu-Emiya Miyu-Child of God,Caster,4-Star,12,80,1438,1920,8629,12005,9535,13275,10448,14556,0.0081,0.03,49,0.109,0.36,3,2,3,4,1,Man,Female-Servant-Humanoid-Weak to Enuma Elish-Pseudo-Servant,Hiroyama Hiroshi,Nazuka Kaori & Kakazu Yumi,134 cm , 30 kg,Lawful Good,Fate/Kaleid Liner PRISMA☆ILLYA,Female,Fate/Kaleid Liner PRISMA☆ILLYA,Japan Fuyuki City
108,Iskandar,Alexander the Great,Rider,5-star,16,90,1786,1938,11560,13219,11560,13219,12654,14482,0.0086,0.03,205,0.088,0.4,1,2,3,6,8,Man,Male-Servant-Humanoid-Divine-Weak to Enuma Elish-Riding-Brynhild's Beloved-King-Men of Greek Mythology,Takeuchi Takashi,Otsuka Akio,212 cm , 130 kg,Neutral Good,Fate/Zero,Male,Historical Fact,Macedonia
181,Summer_Minamoto-no-Raikou_(Lancer),Yorimitsu-Ushi Gozen,Lancer,4-Star,12,80,1528,1938,9168,12112,10130,13393,11100,14686,0.0075,0.04,89,0.118,0.24,1,4,3,5,6,Sky,Female-Servant-Humanoid-Divine-Weak to Enuma Elish-Riding-Sky or Earth Servant,Honjou Raita,Tomatsu Haruka,175 cm ,0,Lawful Good,Fate/Grand Order,Female,Historical Fact Otogizoushi The True Form of Ushi Gozen,Japan
193,Nezha,Marshal of the Central Altar-Third Lotus Prince,Lancer,4-Star,12,80,1547,1938,9284,12112,10258,13393,11241,14686,0.0072,0.04,91,0.122,0.28,3,3,4,4,3,Sky,Female-Servant-Humanoid-Weak to Enuma Elish-Sky or Earth Servant,Aotsuki Takao,Ogura Yui,164 cm , 57 kg,Neutral Good,Fate/Grand Order,Female,Investiture of the Gods Journey to the West,China
206,Achilleus,Greatest Hero of Ancient Greece,Rider,5-star,16,90,1836,1938,11883,13219,11883,13219,13008,14482,0.0057,0.03,196,0.091,0.4,2,3,4,4,5,Earth,Male-Servant-Humanoid-Divine-Weak to Enuma Elish-Riding-Brynhild's Beloved-Sky or Earth Servant-Men of Greek Mythology,Konoe Ototsugu,Furukawa Makoto,185 cm , 97 kg,Lawful Neutral,Fate/Apocrypha,Male,Greek Mythology,Greece
68,Okita_Souji,Sakura Saber,Saber,5-star,16,90,1865,1939,12068,13225,12068,13225,13210,14489,0.0109,0.03,98,0.102,0.35,1,2,5,3,3,Man,Female-Servant-Humanoid-Weak to Enuma Elish-Riding-Altria Face,Takeuchi Takashi,Yuuki Aoi,158 cm , 45 kg,True Neutral,KOHA-ACE EX,Female,Historical Fact,Japan
84,Arjuna,Arjuna,Archer,5-star,16,90,1907,1940,12342,13230,12342,13230,13510,14494,0.0051,0.03,154,0.08,0.315,3,3,2,5,1,Sky,Male-Servant-Humanoid-Divine-Weak to Enuma Elish-Sky or Earth Servant,pako,Shimazaki Nobunaga,177 cm , 72 kg,Lawful Neutral,Fate/Grand Order,Male,Mahabharata,India
194,Caster_of_Midrash,Queen of Sheba,Caster,4-Star,12,80,1438,1940,8629,12127,9535,13410,10448,14704,0.0081,0.03,51,0.108,0.36,4,3,4,5,5,Man,Female-Servant-Humanoid-Weak to Enuma Elish-King,Katou Itsuwa,Satou Satomi,173 cm , 59 kg,Neutral Good,Fate/Grand Order,Female,Old Testament New Testament etc.,East Africa Southwest Arabian Region
198,Katsushika_Hokusai,Octopus from Another Planet-O-Ei,Foreigner,5-star,16,90,1870,1940,12100,13230,12100,13230,13245,14494,0.0033,0.03,153,0.15,0.07,4,6,4,4,5,Man,Female-Servant-Humanoid-Divine-Weak to Enuma Elish-Threat to Humanity,Kuroboshi Kouhaku,Yukana,162 cm , 51 kg,Chaotic Neutral,Fate/Grand Order,Female,Historical Fact,Japan
199,Semiramis,Wise Queen of Assyria,Assassin,5-star,16,90,1747,1945,11309,13266,11309,13266,12379,14533,0.0039,0.04,102,0.247,0.33,4,4,4,5,5,Earth,Female-Servant-Humanoid-Divine-Weak to Enuma Elish-Sky or Earth Servant-King,Konoe Ototsugu,Shindou Kei,169 cm , 51 kg,Lawful Evil,Fate/Apocrypha,Female,Folklore,Middle East
205,Ivan_the_Terrible,Ivan IV Vasilyevich-Ivan Groznyi,Rider,5-star,16,90,1795,1948,11619,13284,11619,13284,12719,14553,0.0062,0.03,200,0.089,0.4,2,3,4,4,5,Man,Male-Servant-Humanoid-Wild Beast-Weak to Enuma Elish-Riding-King,danciao,Kuroda Takaya,531 cm , 2548 kg,Lawful Evil / Chaotic Evil,Fate/Grand Order,Male,Historical Facts and Rumors,Russia
154,First_Hassan,King Hassan,Assassin,5-star,16,90,1831,1956,11848,13338,11848,13338,12969,14612,0.01,0.04,98,0.255,0.495,1,3,5,6,1,Man,Male-Servant-Humanoid-Weak to Enuma Elish-Brynhild's Beloved,Ryota-H,Nakata Jouji,192 cm , 120 kg,Lawful Evil,Fate/Grand Order,???,Middle East,Middle East
238,Kingprotea,Alterego G,Alterego,5-star,16,90,1983,1956,12835,13338,12835,13338,14050,14612,0.0056,0.04,100,0.102,0.45,1,3,3,6,5,Earth,Female-Servant-Humanoid-Divine-Weak to Enuma Elish-Sky or Earth Servant-Super Giant,Wada Arco,Han Megumi,30~? m , ?? kg,Lawful Good,Fate/EXTRA CCC,Female,Fate/EXTRA CCC,SE.RA.PH
80,Charles_Babbage,Father of the Computer,Caster,3-Star,7,70,1113,1959,5996,10887,7407,13467,8115,14761,0.0091,0.03,48,0.108,0.36,1,2,2,3,4,Man,Male-Servant-Humanoid-Weak to Enuma Elish,I-IV,Inada Tetsu,250 cm , 500 kg,Chaotic Neutral,Fate/Grand Order,Male,Historical Fact,Europe
157,Emiya_(Alter),Detroit Emiya-Demiya,Archer,4-Star,12,80,1499,1960,8996,12250,9940,13546,10892,14853,0.0043,0.03,145,0.079,0.315,4,4,4,5,10,Man,Male-Servant-Humanoid-Weak to Enuma Elish,Sasaki Shounen,Suwabe Junichi,187 cm , 78 kg,Chaotic Evil,Fate/Grand Order,Male,Fate/Grand Order,Japan
173,Sherlock_Holmes,The Consulting Detective,Ruler,5-star,16,90,1776,1960,11495,13365,11495,13365,12583,14642,0.0076,0.03,103,0.1,0.245,4,3,3,5,0,Star,Male-Servant-Humanoid-Not Weak to Enuma Elish,Yamanaka Kotetsu,Mizushima Takahiro,183 cm , 65 kg,Neutral Good,Fate/Grand Order,Male,Sherlock Holmes Series,England Worldwide
192,Caster_of_Okeanos,Circe,Caster,4-Star,12,80,1445,1960,8671,12250,9581,13546,10499,14853,0.0039,0.03,51,0.108,0.345,2,3,3,4,5,Sky,Female-Servant-Humanoid-Weak to Enuma Elish-Sky or Earth Servant-Related to the Argo,Hidari,Akaneya Himika,147 cm , 39 kg,Chaotic Neutral,Fate/Grand Order,Female,Greek Mythology,Europe
207,Cheiron,Sagittarius,Archer,4-Star,12,80,1549,1960,9294,12250,10269,13546,11253,14853,0.0068,0.03,148,0.081,0.315,4,3,3,5,4,Sky,Male-Servant-Humanoid-Divine-Weak to Enuma Elish-Sky or Earth Servant-Men of Greek Mythology-Related to the Argo,Konoe Ototsugu,Takeuchi Shunsuke,179 cm , 81 kg,Lawful Good,Fate/Apocrypha,Male,Greek Mythology,Greece
275,Yang_Guifei,Imperial Consort Yang-Yang Yuhuan-Youkihi,Foreigner,5-star,16,90,1907,1960,12342,13365,12342,13365,13510,14642,0.0051,0.03,147,0.15,0.06,3,4,4,4,4,Man,Female-Servant-Humanoid-Divine-Weak to Enuma Elish-Threat to Humanity,Kuroboshi Kouhaku,Yoshimura Haruka,155 cm , 45 kg,Chaotic Good,Fate/Grand Order,Female,Historical Fact,China
139,Cleopatra,Cleopatra VII,Assassin,5-star,16,90,1713,1965,11088,13402,11088,13402,12138,14682,0.0106,0.04,98,0.255,0.495,3,2,4,6,5,Man,Female-Servant-Humanoid-Divine-Weak to Enuma Elish-King,Komatsuzaki Rui,Kugimiya Rie,171 cm , 58 kg,Lawful Neutral,Fate/Grand Order,Female,Historical Fact,Egypt
163,Meltryllis,Alter Ego S,Alterego,5-star,16,90,1807,1965,11692,13402,11692,13402,12799,14682,0.0092,0.04,100,0.102,0.3,1,2,4,6,8,Earth,Female-Servant-Humanoid-Divine-Weak to Enuma Elish-Riding-Sky or Earth Servant,Wada Arco,Hayami Saori,190 cm , 33 kg,Lawful Good,Fate/EXTRA CCC,Female,Fate/EXTRA CCC,SE.RA.PH
29,Marie_Antoinette,Flower of Versailles,Rider,4-Star,12,80,1382,1975,8293,12348,9163,13654,10041,14972,0.01,0.03,201,0.09,0.35,1,1,2,3,5,Man,Female-Servant-Humanoid-Weak to Enuma Elish-Riding,Ginka,Taneda Risa,160 cm , 48 kg,Lawful Good,Fate/Grand Order,Female,Historical Fact,Europe
217,Summer_Ibaraki-Douji_(Lancer),Mt. Ooe Demon Gang Leader,Lancer,4-Star,12,80,1522,1976,9133,12354,10091,13661,11058,14979,0.0106,0.04,90,0.117,0.36,4,2,4,5,3,Earth,Female-Servant-Humanoid-Weak to Enuma Elish-Demonic-Sky or Earth Servant-Demon Beast-Oni,Hidari,Touyama Nao,147 cm , 50 kg,Chaotic Evil,Fate/Grand Order,Female,Otogizoushi etc.,Japan
272,Superhuman_Orion,Son of Poseidon,Archer,5-star,16,90,1940,1979,12557,13494,12557,13494,13746,14783,0.0096,0.03,153,0.08,0.36,1,3,3,5,0,Earth,Male-Servant-Humanoid-Divine-Weak to Enuma Elish-Brynhild's Beloved-Sky or Earth Servant-Men of Greek Mythology,I-IV,Canna Nobutoshi,230 cm , 187 kg,Chaotic Neutral,Fate/Grand Order,Male,Greek Mythology,Greece
114,Minamoto-no-Raikou,Yorimitsu-Ushi Gozen,Berserker,5-star,16,90,1786,1980,11556,13500,11556,13500,12650,14790,0.0046,0.05,9,0.049,0.39,1,4,3,5,7,Sky,Female-Servant-Humanoid-Divine-Weak to Enuma Elish-Riding-Sky or Earth Servant,Honjou Raita,Tomatsu Haruka,175 cm , ???,Chaotic Good,Fate/Grand Order,Female,Historical Fact Otogizoushi,Japan
241,Sima_Yi_(Reines),Reines El-Melloi Archisorte,Rider,5-star,16,90,1766,1986,11427,13543,11427,13543,12509,14837,0.0064,0.03,205,0.089,0.3,4,4,4,5,0,Man,Female-Servant-Humanoid-Weak to Enuma Elish-Riding-Pseudo-Servant,Sakamoto Mineji,Minase Inori,149 cm , 42 kg,True Neutral,Lord El-Melloi II Case Files,Female,Romance of the Three Kingdoms,China
14,Atalante,Atalanta,Archer,4-Star,12,80,1438,1996,8633,12476,9539,13796,10453,15127,0.005,0.03,148,0.08,0.315,1,2,3,3,10,Earth,Female-Servant-Humanoid-Weak to Enuma Elish-Sky or Earth Servant-Related to the Argo,Rin Kususaga,Hayami Saori,166 cm , 57 kg,Neutral Evil,Fate/Apocrypha,Female,Greek Mythology,Greece
111,Irisviel_(Holy_Grail),Irisviel von Einzbern,Caster,4-Star,12,80,1372,1996,8237,12476,9101,13796,9973,15127,0.0042,0.03,50,0.108,0.345,3,3,3,4,1,Sky,Female-Servant-Humanoid-Divine-Weak to Enuma Elish-Sky or Earth Servant,Shima Udon,Ohara Sayaka,158 cm , 52 kg,Chaotic Good,Fate/Zero,Female,Anime,Russia
262,Summer_Osakabehime,Shadow Princess of the Himeji Castle,Archer,4-Star,12,80,1482,1996,8895,12476,9829,13796,10770,15127,0.0062,0.03,153,0.08,0.27,3,3,4,5,4,Earth,Female-Servant-Humanoid-Divine-Weak to Enuma Elish-Sky or Earth Servant,Moriyama Daisuke,Fukuen Misato,162 cm , 51 kg,Neutral Summer,Fate/Grand Order,Female,Folklore,Japan (Himeji Castle)
85,Karna,Vasusena,Lancer,5-star,16,90,1850,1999,11976,13632,11976,13632,13110,14934,0.0072,0.04,88,0.122,0.28,1,3,3,4,5,Sky,Male-Servant-Humanoid-Divine-Weak to Enuma Elish-Riding-Brynhild's Beloved-Sky or Earth Servant,pako,Yusa Kouji,178 cm , 65 kg,Lawful Good,Fate/Apocrypha,Male,Mahabharata,India
153,Miyamoto_Musashi,Shinmen Musashi no Kami Fujiwara no Harunobu,Saber,5-star,16,90,1860,1999,12037,13635,12037,13635,13176,14938,0.0087,0.03,100,0.1,0.35,2,3,3,4,7,Man,Female-Servant-Humanoid-Weak to Enuma Elish,Koyama Hirokazu,Sakura Ayane,167 cm , 56 kg,Chaotic Good,Fate/Grand Order,Female,Historical Fact,Japan
269,Calamity_Jane,Martha Jane Canary,Archer,4-Star,12,80,1499,1999,8996,12495,9940,13817,10892,15150,0.0071,0.03,153,0.08,0.405,2,3,3,4,5,Man,Female-Servant-Humanoid-Weak to Enuma Elish-Riding-Brynhild's Beloved,Bsuke,Touyama Nao,168 cm , 60 kg,Chaotic Neutral,Fate/Grand Order,Female,Historical Fact,Servant Universe
156,Archer_of_Shinjuku,James Moriarty,Archer,5-star,16,90,1820,2007,11781,13685,11781,13685,12896,14992,0.0038,0.03,153,0.08,0.315,5,4,3,6,12,Man,Male-Servant-Humanoid-Weak to Enuma Elish,Honjou Raita,Hashi Takaya,175 cm , 68 kg,Chaotic Evil,Fate/Grand Order,Male,Sherlock Holmes Series,Entire Europe
175,Summer_Nero_Claudius_(Caster),Race Team ｢Tyrant Shooting Star｣,Caster,5-star,16,90,1677,2007,10857,13685,10857,13685,11885,14992,0.004,0.03,51,0.111,0.42,2,6,4,6,5,Man,Female-Servant-Humanoid-Weak to Enuma Elish-Riding-Roman-Altria Face-King,Wada Arco,Tange Sakura,150 cm , 42 kg,Chaotic Summer,Fate/Grand Order,Female,Historical Fact,Rome
52,Vlad_III,Count Dracula-Lord Impaler,Berserker,5-star,16,90,1777,2019,11499,13770,11499,13770,12587,15086,0.005,0.05,9,0.049,0.455,1,2,2,3,10,Earth,Male-Servant-Humanoid-Weak to Enuma Elish-Brynhild's Beloved-Sky or Earth Servant-King,Maeda Hirotaka,Okiayu Ryotaro,191 cm ,0 kg,Chaotic Evil,Fate/Apocrypha,Male,Dracula,Romania
195,Abigail_Williams,Dunwich Horror,Foreigner,5-star,16,90,1870,2019,12100,13770,12100,13770,13245,15086,0.0025,0.03,148,0.148,0.07,4,6,4,5,4,Earth,Female-Servant-Humanoid-Divine-Not Weak to Enuma Elish-Sky or Earth Servant-Threat to Humanity,Kuroboshi Kouhaku,Ohwada Hitomi,152 cm , 44 kg,Chaotic Evil,Fate/Grand Order,Female,Historical Fact,North America Massachusetts
226,Xiang_Yu,Kouu the Tyrant King-Huiji Type-0,Berserker,5-star,16,90,1794,2019,11613,13770,11613,13770,12712,15086,0.0051,0.05,9,0.051,0.52,3,4,6,5,5,Man,Male-Servant-Humanoid-Weak to Enuma Elish,danciao,Yamadera Kouichi,310 cm , 480 kg,Lawful Neutral,Fate/Grand Order,Male,Historical Facts and Rumors,China
227,Lan_Ling_Wang,Prince of Lan Ling-Gao Changgong-Ran Ryou-Ou,Saber,4-Star,12,80,1518,2020,9112,12625,10068,13961,11033,15308,0.0065,0.03,98,0.102,0.315,2,3,3,5,0,Man,Male-Servant-Humanoid-Weak to Enuma Elish-Riding-Brynhild's Beloved,hou,Mori Nanako,172 cm , 55 kg,Lawful Good,Fate/Grand Order,Male,Northern History Northern Qi Literature,China
77,Nikola_Tesla,Master of Lightning,Archer,5-star,16,90,1820,2027,11781,13825,11781,13825,12896,15146,0.0087,0.03,147,0.079,0.315,1,2,3,3,3,Star,Male-Servant-Humanoid-Not Weak to Enuma Elish-Brynhild's Beloved,Namaniku ATK (Nitroplus),Inada Tetsu,190 cm , 80 kg,Chaotic Good,Fate/Grand Order,Male,Historical Fact,Europe
136,Illyasviel_von_Einzbern,Prisma Illya,Caster,5-star,16,90,1677,2027,10857,13825,10857,13825,11885,15146,0.0032,0.03,51,0.107,0.42,1,5,3,5,4,Man,Female-Servant-Humanoid-Weak to Enuma Elish-Pseudo-Servant-Illya,Hiroyama Hiroshi,Kadowaki Mai & Naoko Takano,133 cm , 29 kg,Neutral Good,Fate/Kaleid Liner PRISMA☆ILLYA,Female,Fate/Kaleid Liner PRISMA☆ILLYA,Japan Fuyuki City
189,Osakabehime,Shadow Princess of the Himeji Castle,Assassin,5-star,16,90,1672,2027,10824,13822,10824,13822,11849,15143,0.0083,0.04,102,0.246,0.316,3,2,4,5,0,Earth,Female-Servant-Humanoid-Divine-Weak to Enuma Elish-Sky or Earth Servant,Moriyama Daisuke,Fukuen Misato,158 cm , 51 kg,Chaotic Neutral,Fate/Grand Order,Female,Folklore,Japan (Himeji Castle)
247,Arjuna_(Alter),God Arjuna,Berserker,5-star,16,90,1803,2029,11669,13837,11669,13837,12773,15159,0.0098,0.05,9,0.051,0.357,4,2,4,4,5,Sky,Male-Servant-Humanoid-Divine-Weak to Enuma Elish-Brynhild's Beloved-Sky or Earth Servant,pako,Shimazaki Nobunaga,177 cm , 82 kg,Lawful Good/Evil,Fate/Grand Order,Male,Mahabharata,India
8,Altera,Attila the Hun-Flagellum Dei-Scourge of God,Saber,5-star,16,90,1907,2039,12343,13907,12343,13907,13511,15236,0.0084,0.03,102,0.101,0.245,1,2,2,4,1,Man,Female-Servant-Humanoid-Divine-Weak to Enuma Elish-Riding-King,huke,Noto Mamiko,160 cm , 48 kg,Chaotic Good,Fate/Grand Order,Female,Historical Fact,Central Asia to Europe
87,Fionn_mac_Cumhaill,Finn Mac Cool,Lancer,4-Star,12,80,1488,2040,8930,12750,9867,14099,10812,15459,0.0055,0.04,89,0.123,0.32,1,2,2,4,3,Sky,Male-Servant-Humanoid-Divine-Weak to Enuma Elish-Sky or Earth Servant,Moriyama Daisuke,Miki Shinichiro,181 cm , 63 kg,True Neutral,Fate/Grand Order,Male,Celtic Mythology,Europe
234,Beni-enma,Scarlet King of the Underworld,Saber,5-star,16,90,1793,2047,11607,13960,11607,13960,12706,15294,0.0056,0.03,100,0.103,0.245,1,3,6,5,5,Earth,Female-Servant-Humanoid-Weak to Enuma Elish-Sky or Earth Servant,Harada Takehito,Kuno Misaki,130 cm , ?? kg,Lawful Good,Fate/Grand Order,Female,Japanese Folklore Uji Shuui Monogatari etc.,Japan
99,Queen_Medb,Queen of Connacht,Rider,5-star,16,90,1591,2048,10296,13968,10296,13968,11270,15303,0.0086,0.03,208,0.09,0.4,1,2,3,7,5,Earth,Female-Servant-Humanoid-Weak to Enuma Elish-Riding-Sky or Earth Servant-King,Takayama Kisai,Sakura Ayane,154 cm , 41 kg,Chaotic Evil,Fate/Grand Order,Female,Celtic Mythology,Ireland
142,Ishtar,Rin Tohsaka-Goddess of Love and War,Archer,5-star,16,90,1893,2048,12252,13965,12252,13965,13412,15299,0.0045,0.03,153,0.08,0.225,1,4,4,7,3,Sky,Female-Servant-Humanoid-Divine-Weak to Enuma Elish-Sky or Earth Servant-Pseudo-Servant,Morii Shizuki,Ueda Kana,159 cm , 57 kg,Lawful Good,Fate/Grand Order,Female,Ancient Mesopotamian Mythology,Mesopotamia
224,Sitonai,Illyasviel von Einzbern-Freyja-Louhi,Alterego,5-star,16,90,1803,2048,11668,13965,11668,13965,12772,15299,0.0083,0.04,102,0.102,0.25,3,2,4,5,6,Sky,Female-Servant-Humanoid-Divine-Weak to Enuma Elish-Sky or Earth Servant-Pseudo-Servant-Illya,BLACK,Kadowaki Mai,133 cm , 34 kg,Chaotic Good,Fate/Grand Order,Female,Ainu Mythology Norse Mythology Finnish Mythology etc.,-
160,Arthur_Pendragon_(Prototype),King Arthur-King of Knights,Saber,5-star,16,90,1926,2049,12465,13975,12465,13975,13645,15310,0.0084,0.03,100,0.1,0.245,1,2,3,5,3,Earth,Male-Servant-Humanoid-Dragon-Weak to Enuma Elish-Riding-Arthur-Brynhild's Beloved-Sky or Earth Servant-King,Nakahara,Sakurai Takahiro,181 cm , 68 kg,Lawful Good,Fate/Prototype,Male,Legend of King Arthur,Europe
213,Sigurd,King of Warriors,Saber,5-star,16,90,1926,2049,12465,13975,12465,13975,13645,15310,0.0062,0.03,97,0.1,0.28,2,3,4,5,7,Earth,Male-Servant-Humanoid-Dragon-Divine-Weak to Enuma Elish-Riding-Brynhild's Beloved-Sky or Earth Servant,Miwa Shirou,Tsuda Kenjiro,178 cm , 79 kg,Neutral Good,Fate/Grand Order,Male,Norse Mythology,Europe
93,Amakusa_Shirou,Kotomine Shirou,Ruler,5-star,16,90,1695,2069,10972,14107,10972,14107,12011,15455,0.0086,0.03,100,0.1,0.21,1,2,3,4,1,Man,Male-Servant-Humanoid-Weak to Enuma Elish,Konoe Ototsugu,Uchiyama Kouki,169 cm , 59 kg,Lawful Good,Fate/Apocrypha,Male,Historical Fact,Japan
253,Leonardo_da_Vinci_(Rider),Da Vinci-chan-Bella Lisa,Rider,5-star,16,90,1681,2069,10883,14112,10883,14112,11913,15460,0.0049,0.03,205,0.09,0.3,2,4,4,4,3,Man,Female-Servant-Humanoid-Weak to Enuma Elish-Riding,Simosi,Sakamoto Maaya,144 cm , 36.5 kg,Lawful Good,Fate/Grand Order,Young Female Body,Historical Fact Fate/Grand Order,2017 - Antartica
155,Mysterious_Heroine_X_(Alter),Mysterious Sailor X,Berserker,5-star,16,90,1717,2079,11113,14175,11113,14175,12165,15529,0.0107,0.05,9,0.05,0.373,4,2,3,5,9,Star,Female-Servant-Humanoid-Dragon-Not Weak to Enuma Elish-Altria Face-Arthur-King,BUNBUN,Kawasumi Ayako,154 cm , 42 kg,Neutral Evil,Fate/Grand Order,Female,2017 Valentine Event,Servant Universe
140,Vlad_III_(EXTRA),Count Dracula-Lord Impaler,Lancer,4-Star,12,80,1462,2080,8775,13005,9696,14381,10625,15769,0.011,0.04,88,0.116,0.24,3,2,3,5,6,Man,Male-Servant-Humanoid-Weak to Enuma Elish-King,Wada Arco,Egawa Hisao,191 cm , 90 kg,Lawful Good,Fate/EXTRA,Male,Historical Fact,Romania
90,Nero_Claudius_(Bride),Nero Bride,Saber,5-star,16,90,1793,2089,11607,14248,11607,14248,12706,15609,0.007,0.03,102,0.101,0.35,1,3,3,5,2,Man,Female-Servant-Humanoid-Weak to Enuma Elish-Riding-Roman-Altria Face-King,Wada Arco,Tange Sakura,154 cm , 42 kg,Chaotic Bride,Fate/EXTRA CCC,Female,Historical Fact,Rome
270,Bunny_Astolfo,Twelfth Paladin of Charlemagne,Saber,5-star,16,90,1807,2089,11694,14248,11694,14248,12801,15609,0.0052,0.03,103,0.101,0.245,4,3,3,7,9,Earth,Servant-Humanoid-Weak to Enuma Elish-Riding-Sky or Earth Servant,Konoe Ototsugu,Ookubo Rumi,164 cm , 56 kg,Chaotic Good,Fate/Grand Order,???,Legend of Charlemagne,France
30,Martha,Martha of Bethany-Dragon Rider,Rider,4-Star,12,80,1335,2090,8014,13068,8855,14451,9703,15845,0.0158,0.03,205,0.09,0.3,1,1,2,3,1,Man,Female-Servant-Humanoid-Divine-Weak to Enuma Elish-Riding,Sakamoto Mineji,Hayami Saori,161 cm , 49 kg,Lawful Good,Fate/Grand Order,Female,Historical Fact New Testament,Europe
179,Summer_Altria_Pendragon_(Alter),King Arthur-King of Knights,Rider,5-star,16,90,1665,2090,10776,14256,10776,14256,11796,15618,0.0059,0.03,200,0.09,0.3,2,3,3,5,6,Man,Female-Servant-Humanoid-Dragon-Weak to Enuma Elish-Riding-Altria Face-Arthur-King,Takeuchi Takashi,Kawasumi Ayako,154 cm , 42 kg,Lawful Evil,Fate/Stay Night,Female,Legend of King Arthur,Britain
37,Zhuge_Liang_(El-Melloi_II),Shokatsu Koumei,Caster,5-star,16,90,1637,2091,10598,14259,10598,14259,11601,15621,0.0164,0.03,50,0.108,0.345,1,1,2,3,1,Man,Male-Servant-Humanoid-Weak to Enuma Elish-Brynhild's Beloved-Pseudo-Servant,Takeuchi Takashi,Namikawa Daisuke,186 cm , 68 kg,Neutral Good,Fate/Grand Order,Male,Romance of the Three Kingdoms,China
62,Tamamo-no-Mae,Nine-Tailed Fox,Caster,5-star,16,90,1629,2091,10546,14259,10546,14259,11544,15621,0.0032,0.03,49,0.11,0.36,1,5,3,4,1,Sky,Female-Servant-Humanoid-Divine-Weak to Enuma Elish-Sky or Earth Servant,Wada Arco,Saito Chiwa,160 cm , 49 kg,Neutral Evil,Fate/EXTRA,Female,Japanese Mythology,Japan
67,Medea_(Lily),Princess of Colchis,Caster,4-Star,12,80,1294,2091,7766,13070,8581,14453,9403,15847,0.004,0.03,51,0.107,0.36,3,4,4,5,1,Earth,Female-Servant-Humanoid-Weak to Enuma Elish-Sky or Earth Servant-Related to the Argo,Koyama Hirokazu,Nonaka Ai,149 cm , 41 kg,Lawful Good,Fate/Grand Order,Female,Greek Mythology,Greece
83,Solomon,King of Magecraft,Grand Caster,5-star,16,90,1645,2091,10650,14259,10650,14259,11658,15621,0.0164,0.03,51,0.11,0.33,1,1,2,3,0,Sky,Male-Servant-Humanoid-Weak to Enuma Elish-Sky or Earth Servant,Takeuchi Takashi,Sugita Tomokazu,??? , ???,Lawful Good,Fate/Grand Order,Male,Old Testament,Israel
127,Leonardo_da_Vinci,Da Vinci-chan-Mona Lisa,Caster,5-star,16,90,1637,2091,10598,14259,10598,14259,11601,15621,0.0054,0.03,50,0.108,0.345,1,3,4,4,1,Star,Female-Servant-Humanoid-Weak to Enuma Elish,Simosi,Sakamoto Maaya,160 cm , 40 kg,Chaotic Good,Fate/Grand Order,Female (Body),Historical Fact,Europe
150,Merlin,Magus of Flowers,Caster,5-star,16,90,1629,2091,10546,14259,10546,14259,11544,15621,0.0081,0.03,49,0.108,0.36,5,2,3,6,0,Earth,Male-Servant-Humanoid-Weak to Enuma Elish-Sky or Earth Servant,Taiki,Sakurai Takahiro,178 cm , 68 kg,Lawful Good,Fate/Grand Order,Male,Legend of King Arthur etc.,West Europe
201,Anastasia,Grand Duchess of Russia-Shvibzik,Caster,5-star,16,90,1629,2091,10546,14259,10546,14259,11544,15621,0.0051,0.03,49,0.108,0.36,3,3,4,5,4,Man,Female-Servant-Humanoid-Weak to Enuma Elish,sime,Hara Yumi,158 cm , 40 kg,True Neutral,Fate/Grand Order,Female,Historical Fact,Russia
146,Medusa,Ana,Lancer,4-Star,12,80,1375,2099,8253,13119,9119,14507,9993,15907,0.0044,0.04,89,0.122,0.4,1,4,3,5,8,Earth,Female-Servant-Humanoid-Divine-Weak to Enuma Elish-Sky or Earth Servant,BLACK,Asakawa Yuu,134 cm , 30 kg?,Neutral Good,Fate/Grand Order,Female,Greek Mythology,Europe
215,Scathach_Skadi,Goddess of Winter and Mountains,Caster,5-star,16,90,1661,2112,10753,14406,10753,14406,11771,15782,0.0067,0.03,49,0.108,0.3,4,3,4,5,0,Sky,Female-Servant-Humanoid-Divine-Weak to Enuma Elish-Sky or Earth Servant-King,Koyama Hirokazu,Noto Mamiko,162 cm , 50 kg,Chaotic Good,Fate/Grand Order,Female,Norse Mythology Celtic Mythology,Europe
183,Parvati,Matou Sakura-Goddess of Love and Devotion,Lancer,4-Star,12,80,1354,2120,8127,13253,8980,14655,9840,16069,0.0108,0.04,90,0.118,0.28,3,2,3,5,4,Sky,Female-Servant-Humanoid-Divine-Weak to Enuma Elish-Sky or Earth Servant-Pseudo-Servant,Aotsuki Takao,Shitaya Noriko,156 cm , 46 kg,Lawful Good,Fate/Grand Order,Female,Hindu Mythology,India
10,Chevalier_d'Eon,The Dragoon,Saber,4-Star,12,80,1460,2121,8765,13256,9685,14659,10613,16073,0.0083,0.03,102,0.1,0.28,1,2,2,3,1,Man,Servant-Humanoid-Weak to Enuma Elish-Riding,Moriyama Daisuke,Saito Chiwa,157 cm , 45 kg,True Neutral,Fate/Grand Order,???,Historical Fact,France
60,Orion,Artemis (Goddess)-Orion (Bear),Archer,5-star,16,90,1716,2134,11107,14553,11107,14553,12158,15943,0.01,0.03,153,0.08,0.27,1,1,3,4,5,Sky,Male-Servant-Humanoid-Weak to Enuma Elish-Sky or Earth Servant-Men of Greek Mythology,I-IV,Canna Nobutoshi & Sawashiro Miyuki,165 cm , 44 kg,Chaotic Neutral,Fate/Grand Order,Male,Greek Mythology,Greece
129,Summer_Altria_Pendragon,Water Blitz World Champion,Archer,5-star,16,90,1742,2134,11276,14553,11276,14553,12343,15943,0.0059,0.03,153,0.08,0.258,3,3,4,5,10,Earth,Female-Servant-Humanoid-Dragon-Weak to Enuma Elish-Altria Face-Arthur-Sky or Earth Servant-King,Takeuchi Takashi,Kawasumi Ayako,154 cm , 42 kg,Lawful Good,Fate/Stay Night,Female,Legend of King Arthur,Britain
167,Sessyoin_Kiara,Heaven's Hole,Alterego,5-star,16,90,1803,2142,11668,14606,11668,14606,12772,16001,0.0055,0.04,97,0.1,0.25,1,3,3,5,3,Beast,Female-Servant-Humanoid-Not Weak to Enuma Elish,Wada Arco,Tanaka Rie,166 cm , 53 kg,Chaotic Evil,Fate/EXTRA CCC,Female,Fate/EXTRA CCC,SE.RA.PH
228,Qin_Liangyu,Zhensu-Shin Ryougyoku,Lancer,4-Star,12,80,1382,2142,8295,13387,9166,14803,10043,16231,0.0079,0.04,91,0.121,0.36,3,2,4,4,1,Man,Female-Servant-Humanoid-Weak to Enuma Elish-Brynhild's Beloved,Shima Drill,Shitaya Noriko,166 cm , 46 kg,Lawful Good,Fate/Grand Order,Female,Ming History,China
230,Yu_Meiren,Consort Yu-Beauty Yu-Gu Bijin,Assassin,4-Star,12,80,1328,2142,7970,13389,8806,14806,9650,16234,0.0075,0.04,97,0.247,0.316,3,4,4,4,5,Earth,Female-Servant-Humanoid-Weak to Enuma Elish-Demonic-Sky or Earth Servant,toi8,Ise Mariya,160 cm , 49 kg,Lawful Evil,Fate/Grand Order,Female,Chinese History Chinese Literature,China
76,Mordred,Knight of Rebellion,Saber,5-star,16,90,1811,2153,11723,14680,11723,14680,12833,16083,0.0056,0.03,98,0.1,0.245,1,3,2,4,5,Earth,Female-Servant-Humanoid-Dragon-Weak to Enuma Elish-Riding-Altria Face-Sky or Earth Servant,Konoe Ototsugu,Sawashiro Miyuki,154 cm , 42 kg,Chaotic Neutral,Fate/Apocrypha,Female,Legend of King Arthur,Britain
220,Summer_BB,BB Pele-BB Hotep,Moon Cancer,5-star,16,90,1728,2172,11182,14812,11182,14812,12240,16227,0.0061,0.03,52,0.148,0.005,5,3,4,4,3,Earth,Female-Servant-Divine-Weak to Enuma Elish-Sky or Earth Servant-Super Giant,Wada Arco,Shitaya Noriko,156 cm , 46 kg,Chaotic Evil,Fate/EXTRA CCC,Female,Fate/EXTRA CCC,SE.RA.PH
70,Scathach,Queen of the Shadow Realm,Lancer,5-star,16,90,1758,2174,11375,14825,11375,14825,12452,16241,0.0071,0.04,88,0.122,0.32,6,3,2,7,1,Star,Female-Servant-Humanoid-Weak to Enuma Elish-King,Koyama Hirokazu,Noto Mamiko,168 cm , 55 kg,Lawful Good,Fate/Grand Order,Female,Celtic Mythology,Ireland
88,Brynhild,Odin's Automata,Lancer,5-star,16,90,1766,2174,11432,14825,11432,14825,12514,16241,0.0107,0.04,87,0.122,0.32,1,2,3,5,5,Sky,Female-Servant-Humanoid-Divine-Weak to Enuma Elish-Riding-Sky or Earth Servant,Miwa Shirou,Noto Mamiko,172 cm , 52 kg,Neutral Good,Fate/Prototype: Fragments of Blue and Silver,Female,Norse Mythology,Europe
221,Summer_Queen_Medb_(Saber),Queen of Connacht,Saber,4-Star,12,80,1336,2177,8017,13609,8858,15049,9707,16501,0.0072,0.03,104,0.1,0.315,2,2,4,5,6,Earth,Female-Servant-Humanoid-Weak to Enuma Elish-Riding-Sky or Earth Servant-King,Takayama Kisai,Sakura Ayane,154 cm , 41 kg,Chaotic Evil,Fate/Grand Order,Female,Celtic Mythology,Ireland
166,BB,Mysterious Black Magus,Moon Cancer,4-Star,12,80,1366,2182,8197,13643,9057,15087,9925,16542,0.0061,0.03,52,0.147,0.006,1,3,4,4,5,Man,Female-Servant-Humanoid-Weak to Enuma Elish,Wada Arco,Shitaya Noriko,156 cm , 46 kg,Chaotic Good,Fate/EXTRA CCC,Female,Fate/EXTRA CCC,SE.RA.PH
128,Tamamo-no-Mae,Amaterasu-Tamamo Shark,Lancer,5-star,16,90,1657,2221,10726,15147,10726,15147,11741,16594,0.0105,0.04,91,0.122,0.4,3,2,4,4,4,Sky,Female-Servant-Humanoid-Divine-Weak to Enuma Elish-Riding-Sky or Earth Servant,Wada Arco,Saito Chiwa,160 cm , 49 kg,Neutral Summer,Fate/Grand Order,Female,Japanese MythologyOne of the 3 Great Monsters,Japan
2,Altria_Pendragon,King Arthur-King of Knights,Saber,5-star,16,90,1734,2222,11221,15150,11221,15150,12283,16597,0.0086,0.03,102,0.1,0.21,1,2,2,3,1,Earth,Female-Servant-Humanoid-Dragon-Weak to Enuma Elish-Riding-Altria Face-Arthur-Sky or Earth Servant-King,Takeuchi Takashi,Kawasumi Ayako,154 cm , 42 kg,Lawful Good,Fate/Stay Night,Female,Legend of King Arthur,Britain
97,Nightingale,The Angel of Crimea,Berserker,5-star,16,90,1573,2232,10184,15221,10184,15221,11148,16675,0.0077,0.05,10,0.05,0.568,1,2,6,5,1,Man,Female-Servant-Humanoid-Weak to Enuma Elish,Takahashi Keitarou,Sawashiro Miyuki,165 cm , 52 kg,Lawful Good,Fate/Grand Order,Female,Historical Fact,Europe
143,Enkidu,Chain of Heaven,Lancer,5-star,16,90,1666,2244,10780,15300,10780,15300,11800,16762,0.0053,0.04,90,0.12,0.28,1,5,4,6,5,Sky,Servant-Humanoid-Weak to Enuma Elish-Sky or Earth Servant,Morii Shizuki,Kobayashi Yuu,Variable , Variable,True Neutral,Fate/Strange Fake,-,Ancient Mesopotamian Mythology,Mesopotamia
214,Valkyrie,Ortlinde-Hild-Thrud,Lancer,4-Star,12,80,1339,2244,8037,14025,8880,15509,9731,17005,0.0086,0.04,87,0.12,0.23,3,2,3,4,7,Sky,Female-Servant-Humanoid-Divine-Weak to Enuma Elish-Sky or Earth Servant,Takeuchi Takashi,Tanaka Minami & Komatsu Mikako & Amamiya Sora,159 cm , 46 kg,Lawful Good,Fate/Grand Order,Female,Norse Mythology,Europe
6,Siegfried,The Dragon-Slayer,Saber,4-Star,12,80,1363,2266,8181,14165,9040,15664,9905,17175,0.0083,0.03,97,0.1,0.28,1,2,2,3,1,Earth,Male-Servant-Humanoid-Dragon-Weak to Enuma Elish-Riding-Brynhild's Beloved-Sky or Earth Servant-King,Konoe Ototsugu,Suwabe Junichi,190 cm , 80 kg,Chaotic Good,Fate/Apocrypha,Male,Nibelungenlied,Germany
91,Void_Ryougi_Shiki,｢ ｣,Saber,5-star,16,90,1656,2266,10721,15453,10721,15453,11736,16929,0.0084,0.03,102,0.099,0.245,1,2,4,4,1,Man,Female-Servant-Humanoid-Not Weak to Enuma Elish-Pseudo-Servant,Takeuchi Takashi,Sakamoto Maaya,160 cm , 47 kg,True Neutral,Kara no Kyoukai,Female,Kara no Kyoukai,Japan
119,Altria_Pendragon_(Lancer),King Arthur-King of Knights,Lancer,5-star,16,90,1699,2288,10995,15606,10995,15606,12036,17097,0.011,0.04,89,0.122,0.24,1,2,3,5,2,Sky,Female-Servant-Humanoid-Dragon-Weak to Enuma Elish-Riding-Altria Face-Arthur-Sky or Earth Servant-King,Ishida Akira,Kawasumi Ayako,171 cm , 57 kg?,Lawful Good,Fate/Grand Order,Female,Legend of King Arthur,Europe
232,Bradamante,Bradamant,Lancer,5-star,16,90,1674,2300,10833,15682,10833,15682,11858,17180,0.007,0.04,88,0.121,0.32,4,2,4,5,5,Earth,Female-Servant-Humanoid-Weak to Enuma Elish-Brynhild's Beloved-Sky or Earth Servant,saitom,Morinaga Chitose,170 cm , 55 kg,Lawful Good,Fate/Grand Order,Female,Legend of Charlemagne,France
216,Summer_Jeanne_d'Arc_(Archer),Joan of Arc-La Pucelle d'Orleans,Archer,5-star,16,90,1626,2309,10525,15743,10525,15743,11521,17247,0.0068,0.03,153,0.08,0.36,2,2,4,5,4,Man,Female-Servant-Humanoid-Weak to Enuma Elish-Altria Face,Takeuchi Takashi,Sakamoto Maaya,159 cm , 44 kg,Lawful Summer,Fate/Grand Order,Female,Historical Fact,France
229,Shi_Huang_Di,Qin Shi Huang-Shikoutei,Ruler,5-star,16,90,1541,2321,9977,15828,9977,15828,10921,17340,0.0047,0.03,100,0.1,0.236,3,4,5,4,0,Man,Servant-Humanoid-Weak to Enuma Elish-King,Azuma Toh,Fukuyama Jun,180 cm , 65 kg,Lawful Good,Fate/Grand Order,???,Historical Facts and Rumors,China
169,Caster_of_the_Nightless_City,Scheherazade,Caster,5-star,16,90,1423,2324,9212,15846,9212,15846,10084,17360,0.0051,0.03,52,0.1,0.48,4,3,4,4,5,Man,Female-Servant-Humanoid-Weak to Enuma Elish,Namaniku ATK (Nitroplus),Inoue Kikuko,168 cm , 58 kg,Lawful Neutral,Fate/Grand Order,Female,One Thousand and One Nights (Arabian Nights),Persia
196,Ereshkigal,Rin Tohsaka-Goddess of the Underworld,Lancer,5-star,16,90,1598,2356,10343,16065,10343,16065,11322,17600,0.0054,0.04,90,0.118,0.28,1,6,4,4,5,Earth,Female-Servant-Humanoid-Divine-Weak to Enuma Elish-Sky or Earth Servant-Pseudo-Servant-King,Morii Shizuki,Ueda Kana,159 cm , 47 kg,Chaotic Evil,Fate/Grand Order,Female,Ancient Mesopotamian Mythology,Mesopotamia
59,Jeanne_d'Arc,Joan of Arc-La Pucelle d'Orleans,Ruler,5-star,16,90,1482,2420,9593,16500,9593,16500,10501,18076,0.0076,0.03,99,0.101,0.21,1,2,2,3,1,Star,Female-Servant-Humanoid-Weak to Enuma Elish-Altria Face,Takeuchi Takashi,Sakamoto Maaya,159 cm , 44 kg,Lawful Good,Fate/Apocrypha,Female,Historical Fact,France
265,Bunny_Altria_Pendragon,Lion King Bunny King,Ruler,5-star,16,90,1482,2480,9593,16912,9593,16912,10501,18528,0.0057,0.03,100,0.1,0.21,3,4,4,5,4,Sky,Female-Servant-Humanoid-Dragon-Weak to Enuma Elish-Altria Face-Arthur-Sky or Earth Servant-King,Ishida Akira,Kawasumi Ayako,171 cm , 57 kg,Lawful Summer,Fate/Grand Order,Female,Legend of King Arthur,Britain
244,Great_Statue_God,Jinako Carigiri (Ganesha),Moon Cancer,5-star,16,90,1416,2617,9166,17844,9166,17844,10034,19549,0.0035,0.03,51,0.145,0.007,4,4,4,5,3,Sky,Female-Servant-Humanoid-Divine-Weak to Enuma Elish-Riding-Sky or Earth Servant-Pseudo-Servant,Wada Arco,Yuuki Aoi,153 cm , 82 kg,Lawful Good,Fate/EXTRA CCC,Female,―,―
